"f_footprint_id","i_incident_id"
1,1
2,2
3,3
4,4
6,6
7,7
8,8
9,9
10,10
11,11
12,12
13,13
14,14
15,15
16,16
17,17
18,18
19,19
20,20
21,21
22,22
23,23
24,24
25,25
26,26
27,27
28,28
29,29
30,30
31,31
32,32
33,33
34,34
35,35
36,36
37,37
38,38
39,39
40,40
41,41
42,42
43,43
44,44
45,45
46,46
47,47
48,48
49,49
50,50
51,51
52,52
53,53
54,54
55,55
56,56
57,57
58,58
59,59
60,60
61,61
62,62
63,63
64,64
65,65
66,66
67,67
68,68
69,69
70,70
72,72
73,73
74,74
75,75
76,76
77,77
78,78
79,79
80,80
81,81
82,82
83,83
84,84
85,85
86,86
87,87
88,88
89,89
90,90
91,91
92,92
93,93
94,94
95,95
96,96
97,97
98,98
99,99
100,100
101,101
102,102
103,103
104,104
105,105
106,106
107,107
108,108
109,109
110,110
111,111
112,112
113,113
114,114
115,115
116,116
117,117
118,118
119,119
120,120
121,121
122,122
123,123
124,124
125,125
126,126
127,127
128,128
129,129
130,130
131,131
132,132
133,133
134,134
135,135
136,136
137,137
138,138
139,139
140,140
141,141
142,142
143,143
144,144
145,145
146,146
147,147
148,148
149,149
150,150
151,151
152,152
153,153
154,154
155,155
156,156
157,157
158,158
159,159
160,160
161,161
162,162
163,163
164,164
165,165
166,166
167,167
168,168
169,169
170,170
171,171
172,172
173,173
174,174
175,175
176,176
177,177
178,178
179,179
180,180
181,181
182,182
183,183
184,184
185,185
186,186
187,187
188,188
189,189
190,190
191,191
192,192
193,193
194,194
195,195
196,196
197,197
198,198
199,199
200,200
201,201
202,202
203,203
204,204
205,205
206,206
207,207
208,208
209,209
210,210
211,211
212,212
213,213
214,214
215,215
216,216
217,217
218,218
219,219
220,220
221,221
222,222
223,223
224,224
225,225
226,226
227,227
228,228
229,229
230,230
231,231
232,232
233,233
234,234
235,235
236,236
237,237
238,238
239,239
240,240
241,241
242,242
243,243
244,244
245,245
246,246
247,247
248,248
249,249
250,250
251,251
252,252
253,253
254,254
255,255
256,256
257,257
258,258
259,259
260,260
261,261
262,262
263,263
264,264
265,265
266,266
267,267
268,268
269,269
270,270
271,271
272,272
273,273
274,274
275,275
276,276
277,277
278,278
279,279
280,280
281,281
282,282
283,283
284,284
285,285
286,286
287,287
288,288
289,289
290,290
291,291
292,292
293,293
294,294
295,295
296,296
297,297
298,298
299,299
300,300
301,301
302,302
303,303
304,304
305,305
306,306
307,307
308,308
309,309
310,310
311,311
312,312
313,313
314,314
315,315
316,316
317,317
318,318
319,319
320,320
321,321
322,322
323,323
324,324
325,325
326,326
327,327
328,328
329,329
330,330
331,331
332,332
333,333
334,334
335,335
336,336
337,337
338,338
339,339
340,340
341,341
342,342
343,343
344,344
345,345
346,346
347,347
348,348
349,349
350,350
351,351
352,352
353,353
354,354
355,355
356,356
357,357
358,358
359,359
360,360
361,361
362,362
363,363
364,364
365,365
366,366
367,367
368,368
369,369
370,370
371,371
372,372
373,373
374,374
375,375
376,376
377,377
378,378
379,379
380,380
381,381
382,382
383,383
384,384
385,385
386,386
387,387
388,388
389,389
390,390
391,391
392,392
393,393
394,394
395,395
396,396
397,397
398,398
399,399
400,400
401,401
403,403
404,404
405,405
406,406
407,407
408,408
409,409
410,410
411,411
412,412
413,413
414,414
415,415
416,416
417,417
418,418
419,419
420,420
421,421
422,422
423,423
424,424
425,425
426,426
427,427
428,428
429,429
430,430
431,431
432,432
433,433
434,434
435,435
436,436
437,437
438,438
439,439
440,440
441,441
442,442
443,443
444,444
445,445
446,446
447,447
448,448
450,450
451,451
452,452
453,453
454,454
455,455
456,456
457,457
458,458
459,459
460,460
461,461
462,462
463,463
464,464
465,465
466,466
467,467
468,468
469,469
470,470
471,471
472,472
473,473
474,474
475,475
476,476
477,477
478,478
479,479
480,480
481,481
482,482
483,483
484,484
485,485
486,486
487,487
488,488
489,489
490,490
491,491
492,492
493,493
494,494
495,495
496,496
497,497
498,498
499,499
500,500
501,501
502,502
10001,1000003
10002,1000009
10003,1000017
10004,1000018
10005,1000018
10006,1000019
10007,1000020
10008,1000026
10009,1000027
10010,1000031
10011,1000032
10012,1000035
10013,1000039
10014,1000043
10015,1000046
10016,1000047
10017,1000048
10018,1000049
10019,1000049
10020,1000049
10021,1000061
10022,1000062
10023,1000063
10024,1000068
10025,1000070
10026,1000071
10027,1000075
10028,1000076
10029,1000078
10030,1000079
10031,1000080
10032,1000082
10033,1000081
10034,1000084
10035,1000085
10036,1000086
10037,1000087
10038,1000088
10039,1000089
10040,1000090
10041,1000091
10042,1000092
10043,1000093
10044,1000094
10045,1000095
10046,1000096
10047,1000097
10048,1000098
10049,1000099
10050,1000100
10051,1000101
10052,1000102
10053,1000103
10054,1000105
10055,1000106
10056,1000108
10057,1000109
10058,1000110
10059,1000111
10060,1000112
10061,1000113
10062,1000114
10063,1000115
10064,1000116
10065,1000117
10066,1000118
10067,1000119
10068,1000120
10069,1000130
10070,1000170
10071,1000212
10072,1000228
10073,1000231
10074,1000235
10075,1000230
10076,1000240
10077,1000241
10078,1000237
10079,1000243
10080,1000244
10081,1000244
10082,1000245
10083,1000227
10084,1000248
10085,1000253
10086,1000254
10087,1000260
10088,1000261
10089,1000265
10090,1000267
10091,1000270
10092,1000273
10093,1000274
10094,1000276
10095,1000278
10096,1000281
10097,1000282
10098,1000284
10099,1000286
10100,1000290
10101,1000297
10102,1000297
10103,1000297
10104,1000297
10105,1000299
10106,1000301
10107,1000302
10108,1000304
10109,1000305
10110,1000305
10111,1000306
10112,1000308
10113,1000315
10113,1000316
10114,1000317
10115,1000320
10116,1000321
10117,1000321
10118,1000324
10119,1000325
10120,1000325
10121,1000326
10122,1000326
10123,1000327
10124,1000328
10125,1000329
10126,1000330
10127,1000331
10128,1000332
10129,1000333
10130,1000334
10131,1000335
10132,1000336
10133,1000337
10134,1000338
10135,1000339
10136,1000339
10137,1000341
10138,1000341
10139,1000342
10140,1000342
10141,1000340
10142,1000343
10143,1000345
10144,1000348
10145,1000348
10146,1000349
10147,1000350
10148,1000350
10149,1000351
10150,1000352
10151,1000353
10152,1000354
10153,1000355
10154,1000356
10155,1000357
10156,1000359
10157,1000360
10158,1000361
10159,1000362
10160,1000363
10161,1000364
10162,1000365
10163,1000366
10164,1000367
10165,1000368
10166,1000371
10167,1000372
10168,1000372
10169,1000373
10170,1000373
10171,1000374
10172,1000374
10173,1000375
10174,1000376
10175,1000377
10176,1000383
10177,1000385
10178,1000390
10179,1000392
10180,1000392
10181,1000393
10182,1000395
10183,1000399
10184,1000400
10185,1000401
10186,1000412
10187,1000413
10188,1000417
10189,1000419
10190,1000421
10191,1000423
10192,1000426
10194,1000427
10195,1000427
10196,1000428
10197,1000424
10198,1000431
10199,1000436
10200,1000437
10201,1000438
10202,1000439
10203,1000440
10204,1000441
10205,1000442
10206,1000443
10207,1000448
10208,1000450
10209,1000455
10210,1000458
10211,1000462
10212,1000465
10213,1000466
10214,1000467
10215,1000468
10216,1000468
10217,1000469
10218,1000470
10219,1000471
10220,1000473
10221,1000475
10223,1000477
10224,1000478
10225,1000479
10226,1000481
10227,1000485
10228,1000486
10229,1000494
10230,1000495
10231,1000497
10232,1000500
10233,1000501
10233,1000502
10234,1000501
10234,1000502
10235,1000503
10236,1000515
10237,1000517
10238,1000520
10239,1000531
10240,1000530
10241,1000532
10242,1000533
10243,1000536
10244,1000537
10245,1000544
10246,1000547
10247,1000548
10248,1000550
10249,1000551
10250,1000552
10251,1000554
10252,1000555
10253,1000556
10254,1000556
10255,1000556
10256,1000556
10257,1000556
10258,1000557
10259,1000559
10260,1000560
10261,1000560
10262,1000560
10263,1000571
10264,1000572
10265,1000575
10266,1000576
10267,1000580
10268,1000586
10269,1000592
10270,1000598
10271,1000599
10272,1000600
10273,1000601
10274,1000604
10275,1000604
10276,1000605
10277,1000607
10278,1000609
10279,1000610
10280,1000611
10281,1000613
10282,1000614
10283,1000620
10284,1000623
10285,1000625
10286,1000625
10287,1000625
10288,1000627
10289,1000628
10290,1000631
10291,1000633
10292,1000637
10293,1000637
10294,1000638
10295,1000642
10296,1000645
10297,1000647
10298,1000648
10299,1000649
10300,1000652
10301,1000653
10302,1000657
10303,1000661
10304,1000664
10305,1000670
10306,1000671
10307,1000672
10308,1000681
10309,1000684
10310,1000686
10311,1000687
10312,1000688
10313,1000689
10314,1000690
10315,1000691
10316,1000697
10317,1000702
10318,1000703
10319,1000711
10320,1000713
10321,1000719
10322,1000720
10323,1000723
10324,1000724
10325,1000729
10326,1000740
10327,1000741
10328,1000742
10329,1000743
10330,1000745
10331,1000746
10332,1000749
10333,1000754
10334,1000755
10335,1000756
10336,1000761
10336,1000762
10337,1000763
10338,1000764
10339,1000765
10340,1000767
10340,1000768
10341,1000770
10342,1000771
10343,1000772
10344,1000775
10345,1000779
10346,1000784
10347,1000786
10348,1000787
10349,1000793
10350,1000794
10351,1000794
10352,1000795
10353,1000795
10354,1000800
10355,1000803
10356,1000804
10357,1000805
10358,1000812
10359,1000813
10360,1000815
10361,1000816
10362,1000817
10363,1000819
10364,1000820
10365,1000822
10366,1000827
10367,1000828
10368,1000830
10369,1000832
10370,1000835
10371,1000836
10372,1000837
10373,1000839
10374,1000840
10375,1000844
10376,1000845
10377,1000847
10378,1000848
10379,1000850
10380,1000853
10381,1000857
10382,1000859
10383,1000865
10384,1000870
10385,1000871
10386,1000872
10387,1000872
10388,1000872
10389,1000873
10390,1000876
10391,1000881
10392,1000883
10393,1000885
10394,1000895
10395,1000895
10396,1000896
10397,1000897
10398,1000897
10399,1000903
10400,1000903
10401,1000904
10402,1000906
10403,1000912
10404,1000913
10405,1000914
10406,1000916
10407,1000918
10408,1000918
10409,1000921
10410,1000923
10411,1000924
10412,1000926
10413,1000927
10414,1000927
10415,1000928
10416,1000929
10417,1000931
10418,1000933
10419,1000938
10420,1000939
10421,1000941
10422,1000941
10423,1000942
10424,1000942
10425,1000942
10426,1000949
10427,1000952
10428,1000955
10429,1000957
10430,1000962
10431,1000965
10432,1000967
10433,1000968
10434,1000970
10435,1000972
10436,1000977
10437,1000978
10438,1000983
10439,1000990
10440,1000991
10441,1000993
10442,1000994
10443,1000995
10444,1001000
10445,1001001
10446,1001005
10447,1001011
10448,1001013
10449,1001014
10450,1001015
10451,1001018
10452,1001023
10453,1001024
10454,1001025
10455,1001026
10456,1001033
10457,1001034
10458,1001041
10459,1001044
10460,1001051
10461,1001052
10462,1001052
10463,1001053
10464,1001055
10465,1001057
10466,1001059
10467,1001059
10468,1001061
10469,1001063
10470,1001067
10471,1001069
10472,1001071
10473,1001071
10474,1001074
10475,1001075
10476,1001076
10477,1001081
10478,1001082
10479,1001082
10480,1001085
10481,1001086
10482,1001087
10483,1001088
10484,1001091
10485,1001092
10486,1001093
10487,1001094
10488,1001094
10489,1001096
10490,1001099
10491,1001102
10492,1001107
10493,1001109
10494,1001110
10495,1001110
10496,1001113
10497,1001121
10498,1001125
10499,1001128
10500,1001134
10501,1001138
10502,1001139
10503,1001149
10504,1001162
10505,1001166
10506,1001167
10507,1001167
10508,1001173
10509,1001174
10510,1001179
10511,1001180
10512,1001180
10513,1001180
10514,1001181
10515,1001182
10516,1001182
10517,1001183
10518,1001185
10519,1001187
10520,1001187
10521,1001191
10522,1001194
10523,1001197
10524,1001198
10525,1001201
10526,1001202
10527,1001203
10528,1001205
10529,1001210
10530,1001212
10531,1001214
10532,1001216
10533,1001217
10534,1001220
10535,1001224
10536,1001224
10537,1001224
10538,1001226
10539,1001228
10540,1001233
10541,1001234
10543,1001237
10544,1001244
10545,1001246
10546,1001252
10547,1001264
10548,1001266
10549,1001271
10550,1001274
10551,1001277
10552,1001278
10553,1001279
10554,1001280
10555,1001281
10556,1001282
10557,1001288
10558,1001289
10559,1001289
10560,1001290
10561,1001296
10562,1001299
10563,1001303
10564,1001305
10565,1001306
10566,1001307
10567,1001308
10568,1001308
10569,1001310
10570,1001311
10571,1001316
10572,1000727
10573,1000716
10574,1001331
10575,1001336
10576,1001337
10577,1001342
10578,1001343
10579,1001346
10580,1001347
10581,1001348
10582,1001350
10583,1001352
10584,1001352
10585,1001353
10586,1001354
10587,1001356
10588,1001361
10589,1001363
10590,1001368
10591,1001369
10592,1001377
10593,1001379
10594,1001385
10595,1001387
10596,1001388
10597,1000505
10598,1001391
10599,1001397
10600,1001400
10601,1001402
10602,1001404
10603,1001406
10604,1001407
10605,1001409
10606,1001411
10606,1001412
10607,1001411
10607,1001412
10608,1001419
10609,1001420
10610,1001427
10611,1001430
10612,1001432
10613,1001432
10614,1001433
10615,1001435
10616,1001436
10617,1001438
10618,1001439
10619,1001442
10620,1001443
10621,1001450
10622,1001452
10623,1001461
10624,1001462
10625,1001467
10626,1001492
10627,1001494
10628,1001497
10629,1001488
10630,1001498
10631,1001500
10632,1001503
10633,1001504
10634,1001506
10635,1001511
10636,1001512
10637,1001521
10638,1001522
10639,1001525
991002,991002
991003,991003
991004,991004
991005,991005
991006,991006
991007,991007
991008,991008
991009,991009
991010,991010
991011,991011
991012,991012
991013,991013
991014,991014
991015,991015
991016,991016
991017,991017
991018,991018
991019,991019
991020,991020
991021,991021
991022,991022
991023,991023
991024,991024
991025,991025
991026,991026
991027,991027
991028,991028
991029,991029
991030,991030
991031,991031
991032,991032
991033,991033
991034,991034
991035,991035
991036,991036
991037,991037
991038,991038
991039,991039
991040,991040
991041,991041
991042,991042
991043,991043
991044,991044
991045,991045
991046,991046
991047,991047
991048,991048
991049,991049
991050,991050
991051,991051
991052,991052
991053,991053
991054,991054
991055,991055
991056,991056
991057,991057
991058,991058
991059,991059
991060,991060
991061,991061
991062,991062
991063,991063
991064,991064
991065,991065
991066,991066
991067,991067
991068,991068
991069,991069
991070,991070
991071,991071
991072,991072
991073,991073
991074,991074
991075,991075
991076,991076
991077,991077
991078,991078
991079,991079
991080,991080
991081,991081
991082,991082
991083,991083
991084,991084
991085,991085
991086,991086
991087,991087
991088,991088
991089,991089
991090,991090
991091,991091
991092,991092
991093,991093
991094,991094
991095,991095
991096,991096
991097,991097
991098,991098
991099,991099
991100,991100
991101,991101
991102,991102
991103,991103
991104,991104
991105,991105
991106,991106
991107,991107
991108,991108
991109,991109
991110,991110
991111,991111
991112,991112
991113,991113
991114,991114
991115,991115
991116,991116
991117,991117
991118,991118
991119,991119
991120,991120
991121,991121
991122,991122
991123,991123
991124,991124
991125,991125
991126,991126
991127,991127
991128,991128
991129,991129
991130,991130
991131,991131
991132,991132
991133,991133
991134,991134
991135,991135
991136,991136
991137,991137
991138,991138
991139,991139
991140,991140
991141,991141
991142,991142
991143,991143
991144,991144
991145,991145
991146,991146
991147,991147
991148,991148
991149,991149
991150,991150
991151,991151
991152,991152
991153,991153
991154,991154
991155,991155
991156,991156
991157,991157
991158,991158
991159,991159
991160,991160
991161,991161
991162,991162
991163,991163
991164,991164
991165,991165
991166,991166
991167,991167
991168,991168
991169,991169
991170,991170
991171,991171
991172,991172
991173,991173
991174,991174
991175,991175
991176,991176
991177,991177
991178,991178
991179,991179
991180,991180
991181,991181
991182,991182
991183,991183
991184,991184
991185,991185
991186,991186
991187,991187
991188,991188
991189,991189
991190,991190
991191,991191
991192,991192
991193,991193
991194,991194
991195,991195
991196,991196
991197,991197
991198,991198
991199,991199
991200,991200
991201,991201
991202,991202
991203,991203
991204,991204
991205,991205
991206,991206
991207,991207
991208,991208
991209,991209
991210,991210
991211,991211
991212,991212
991213,991213
991214,991214
991215,991215
991216,991216
991217,991217
991218,991218
991219,991219
991220,991220
991221,991221
991222,991222
991223,991223
991224,991224
991225,991225
991226,991226
991227,991227
991228,991228
991229,991229
991230,991230
991231,991231
991232,991232
991233,991233
991234,991234
991235,991235
991236,991236
991237,991237
991238,991238
991239,991239
991240,991240
991241,991241
991242,991242
991243,991243
991244,991244
991245,991245
991246,991246
991247,991247
991248,991248
991249,991249
991250,991250
991251,991251
991252,991252
991253,991253
991254,991254
991255,991255
991256,991256
991257,991257
991258,991258
991259,991259
991260,991260
991261,991261
991262,991262
991263,991263
991264,991264
991265,991265
991266,991266
991267,991267
991268,991268
991269,991269
991270,991270
991271,991271
991272,991272
991273,991273
991274,991274
991275,991275
991276,991276
991277,991277
991278,991278
991279,991279
991280,991280
991281,991281
991282,991282
991283,991283
991284,991284
991285,991285
991286,991286
991287,991287
991288,991288
991289,991289
991290,991290
991291,991291
991292,991292
991293,991293
991294,991294
991295,991295
991296,991296
991297,991297
991298,991298
991299,991299
991300,991300
991301,991301
991302,991302
991303,991303
991304,991304
991305,991305
991306,991306
991307,991307
991308,991308
991309,991309
991310,991310
991311,991311
991312,991312
991313,991313
991314,991314
991315,991315
991316,991316
991317,991317
991318,991318
991319,991319
991320,991320
991321,991321
991322,991322
991323,991323
991324,991324
991325,991325
991326,991326
991327,991327
991328,991328
991329,991329
991330,991330
991331,991331
991332,991332
991333,991333
991334,991334
991335,991335
991336,991336
991337,991337
991338,991338
991339,991339
991340,991340
991341,991341
991342,991342
991343,991343
991344,991344
991345,991345
991346,991346
991347,991347
991348,991348
991349,991349
991350,991350
991351,991351
991352,991352
991353,991353
991354,991354
991355,991355
991356,991356
991357,991357
991358,991358
991359,991359
991360,991360
991361,991361
991362,991362
991363,991363
991364,991364
991365,991365
991366,991366
991367,991367
991368,991368
991369,991369
991370,991370
991371,991371
991372,991372
991373,991373
991374,991374
991375,991375
991376,991376
991377,991377
991378,991378
991379,991379
991380,991380
991381,991381
991382,991382
991383,991383
991384,991384
991385,991385
991386,991386
991387,991387
991388,991388
991389,991389
991390,991390
991391,991391
991392,991392
991393,991393
991394,991394
991395,991395
991396,991396
991397,991397
991398,991398
991399,991399
991400,991400
991401,991401
991402,991402
991403,991403
991404,991404
991405,991405
991406,991406
991407,991407
991408,991408
991409,991409
991410,991410
991411,991411
991412,991412
991413,991413
991414,991414
991415,991415
991416,991416
991417,991417
991418,991418
991419,991419
991420,991420
991421,991421
991422,991422
991423,991423
991424,991424
991425,991425
991426,991426
991427,991427
991428,991428
991429,991429
991430,991430
991431,991431
991432,991432
991433,991433
991434,991434
991435,991435
991436,991436
991437,991437
991438,991438
991439,991439
991440,991440
991441,991441
991442,991442
991443,991443
991444,991444
991445,991445
991446,991446
991447,991447
991448,991448
991449,991449
991450,991450
991451,991451
991452,991452
991453,991453
991454,991454
991455,991455
991456,991456
991457,991457
991458,991458
991459,991459
991460,991460
991461,991461
991462,991462
991463,991463
991464,991464
991465,991465
991466,991466
991467,991467
991468,991468
991469,991469
991470,991470
991471,991471
991472,991472
991473,991473
991474,991474
991475,991475
991476,991476
991477,991477
991478,991478
991479,991479
991480,991480
991481,991481
991482,991482
991483,991483
991484,991484
991485,991485
991486,991486
991487,991487
991488,991488
991489,991489
991490,991490
991491,991491
991492,991492
991493,991493
991494,991494
991495,991495
991496,991496
991497,991497
991498,991498
991499,991499
991500,991500
991501,991501
991502,991502
991503,991503
991504,991504
991505,991505
991506,991506
991507,991507
991508,991508
991509,991509
991510,991510
991511,991511
991512,991512
991513,991513
991514,991514
991515,991515
991516,991516
991517,991517
991518,991518
991519,991519
991520,991520
991521,991521
991522,991522
991523,991523
991524,991524
991525,991525
991526,991526
991527,991527
991528,991528
991529,991529
991530,991530
991531,991531
991532,991532
991533,991533
991534,991534
991535,991535
991536,991536
991537,991537
991538,991538
991539,991539
991540,991540
991541,991541
991542,991542
991543,991543
991544,991544
991545,991545
991546,991546
991547,991547
991548,991548
991549,991549
991550,991550
991551,991551
991552,991552
991553,991553
991554,991554
991555,991555
991556,991556
991557,991557
991558,991558
991559,991559
991560,991560
991561,991561
991562,991562
991563,991563
991564,991564
991565,991565
991566,991566
991567,991567
991568,991568
991569,991569
991570,991570
991571,991571
991572,991572
991573,991573
991574,991574
991575,991575
991576,991576
991577,991577
991578,991578
991579,991579
991580,991580
991581,991581
991582,991582
991583,991583
991584,991584
991585,991585
991586,991586
991587,991587
991588,991588
991589,991589
991590,991590
991591,991591
991592,991592
991593,991593
991594,991594
991595,991595
991596,991596
991597,991597
991598,991598
991599,991599
991600,991600
991601,991601
991602,991602
991603,991603
991604,991604
991605,991605
991606,991606
991607,991607
991608,991608
991609,991609
991610,991610
991611,991611
991612,991612
991613,991613
991614,991614
991615,991615
991616,991616
991617,991617
991618,991618
991619,991619
991620,991620
991621,991621
991622,991622
991623,991623
991624,991624
991625,991625
991626,991626
991627,991627
991628,991628
991629,991629
991630,991630
991631,991631
991632,991632
991633,991633
991634,991634
991635,991635
991636,991636
991637,991637
991638,991638
991639,991639
991640,991640
991641,991641
991642,991642
991643,991643
991644,991644
991645,991645
991646,991646
991647,991647
991648,991648
991649,991649
991650,991650
991651,991651
991652,991652
991653,991653
991654,991654
991655,991655
991656,991656
991657,991657
991658,991658
991659,991659
991660,991660
991661,991661
991662,991662
991663,991663
991664,991664
991665,991665
991666,991666
991667,991667
991668,991668
991669,991669
991670,991670
991671,991671
991672,991672
991673,991673
991674,991674
991675,991675
991676,991676
991677,991677
991678,991678
991679,991679
991680,991680
991681,991681
991682,991682
991683,991683
991684,991684
991685,991685
991686,991686
991687,991687
991688,991688
991689,991689
991690,991690
991691,991691
991692,991692
991693,991693
991694,991694
991695,991695
991696,991696
991697,991697
991698,991698
991699,991699
991700,991700
991701,991701
991702,991702
991703,991703
991704,991704
991705,991705
991706,991706
991707,991707
991708,991708
991709,991709
991710,991710
991711,991711
991712,991712
991713,991713
991714,991714
991715,991715
991716,991716
991717,991717
991718,991718
991719,991719
991720,991720
991721,991721
991722,991722
991723,991723
991724,991724
991725,991725
991726,991726
991727,991727
991728,991728
991729,991729
991730,991730
991731,991731
991732,991732
991733,991733
991734,991734
991735,991735
991736,991736
991737,991737
991738,991738
991739,991739
991740,991740
991741,991741
991742,991742
991743,991743
991744,991744
991745,991745
991746,991746
991747,991747
991748,991748
991749,991749
991750,991750
991751,991751
991752,991752
991753,991753
991754,991754
991755,991755
991756,991756
991757,991757
991758,991758
991759,991759
991760,991760
991761,991761
991762,991762
991763,991763
991764,991764
991765,991765
991766,991766
991767,991767
991768,991768
991769,991769
991770,991770
991771,991771
991772,991772
991773,991773
991774,991774
991775,991775
991776,991776
991777,991777
991778,991778
991779,991779
991780,991780
991781,991781
991782,991782
991783,991783
991784,991784
991785,991785
991786,991786
991787,991787
991788,991788
991789,991789
991790,991790
991791,991791
991792,991792
991793,991793
991794,991794
991795,991795
991796,991796
991797,991797
991798,991798
991799,991799
991800,991800
991801,991801
991802,991802
991803,991803
991804,991804
991805,991805
991806,991806
991807,991807
991808,991808
991809,991809
991810,991810
991811,991811
991812,991812
991813,991813
991814,991814
991815,991815
991816,991816
991817,991817
991818,991818
991819,991819
991820,991820
991821,991821
991822,991822
991823,991823
991824,991824
991825,991825
991826,991826
991827,991827
991828,991828
991829,991829
991830,991830
991831,991831
991832,991832
991833,991833
991834,991834
991835,991835
991836,991836
991837,991837
991838,991838
991839,991839
991840,991840
991841,991841
991842,991842
991843,991843
991844,991844
991845,991845
991846,991846
991847,991847
991848,991848
991849,991849
991850,991850
991851,991851
991852,991852
991853,991853
991854,991854
991855,991855
991856,991856
991857,991857
991858,991858
991859,991859
991860,991860
991861,991861
991862,991862
991863,991863
991864,991864
991865,991865
991866,991866
991867,991867
991868,991868
991869,991869
991870,991870
991871,991871
991872,991872
991873,991873
991874,991874
991875,991875
991876,991876
991877,991877
991878,991878
991879,991879
991880,991880
991881,991881
991882,991882
991883,991883
991884,991884
991885,991885
991886,991886
991887,991887
991888,991888
991889,991889
991890,991890
991891,991891
991892,991892
991893,991893
991894,991894
991895,991895
991896,991896
991897,991897
991898,991898
991899,991899
991900,991900
991901,991901
991902,991902
991903,991903
991904,991904
991905,991905
991906,991906
991907,991907
991908,991908
991909,991909
991910,991910
991911,991911
991912,991912
991913,991913
991914,991914
991915,991915
991916,991916
991917,991917
991918,991918
991919,991919
991920,991920
991921,991921
991922,991922
991923,991923
991924,991924
991925,991925
991926,991926
991927,991927
991928,991928
991929,991929
991930,991930
991931,991931
991932,991932
991933,991933
991934,991934
991935,991935
991936,991936
991937,991937
991938,991938
991939,991939
991940,991940
991941,991941
991942,991942
991943,991943
991944,991944
991945,991945
991946,991946
991947,991947
991948,991948
991949,991949
991950,991950
991951,991951
991952,991952
991953,991953
991954,991954
991955,991955
991956,991956
991957,991957
991958,991958
991959,991959
991960,991960
991961,991961
991962,991962
991963,991963
991964,991964
991965,991965
991966,991966
991967,991967
991968,991968
991969,991969
991970,991970
991971,991971
991972,991972
991973,991973
991974,991974
991975,991975
991976,991976
991977,991977
991978,991978
991979,991979
991980,991980
991981,991981
991982,991982
991983,991983
991984,991984
991985,991985
991986,991986
991987,991987
991988,991988
991989,991989
991990,991990
991991,991991
991992,991992
991993,991993
991994,991994
991995,991995
991996,991996
991997,991997
991998,991998
991999,991999
992000,992000
992001,992001
992002,992002
992003,992003
992004,992004
992005,992005
992006,992006
992007,992007
992008,992008
992009,992009
992010,992010
992011,992011
992012,992012
992013,992013
992014,992014
992015,992015
992016,992016
992017,992017
992018,992018
992019,992019
992020,992020
992021,992021
992022,992022
992023,992023
992024,992024
992025,992025
992026,992026
992027,992027
992028,992028
992029,992029
992030,992030
992031,992031
992032,992032
992033,992033
992034,992034
992035,992035
992036,992036
992037,992037
992038,992038
992039,992039
992040,992040
992041,992041
992042,992042
992043,992043
992044,992044
992045,992045
992046,992046
992047,992047
992048,992048
992049,992049
992050,992050
992051,992051
992052,992052
992053,992053
992054,992054
992055,992055
992056,992056
992057,992057
992058,992058
992059,992059
992060,992060
992061,992061
992062,992062
992063,992063
992064,992064
992065,992065
992066,992066
992067,992067
992068,992068
992069,992069
992070,992070
992071,992071
992072,992072
992073,992073
992074,992074
992075,992075
992076,992076
992077,992077
992078,992078
992079,992079
992080,992080
992081,992081
992082,992082
992083,992083
992084,992084
992085,992085
992086,992086
992087,992087
992088,992088
992089,992089
992090,992090
992091,992091
992092,992092
992093,992093
992094,992094
992095,992095
992096,992096
992097,992097
992098,992098
992099,992099
992100,992100
992101,992101
992102,992102
992103,992103
992104,992104
992105,992105
992106,992106
992107,992107
992108,992108
992109,992109
992110,992110
992111,992111
992112,992112
992113,992113
992114,992114
992115,992115
992116,992116
992117,992117
992118,992118
992119,992119
992120,992120
992121,992121
992122,992122
992123,992123
992124,992124
992125,992125
992126,992126
992127,992127
992128,992128
992129,992129
992130,992130
992131,992131
992132,992132
992133,992133
992134,992134
992135,992135
992136,992136
992137,992137
992138,992138
992139,992139
992140,992140
992141,992141
992142,992142
992143,992143
992144,992144
992145,992145
992146,992146
992147,992147
992148,992148
992149,992149
992150,992150
992151,992151
992152,992152
992153,992153
992154,992154
992155,992155
992156,992156
992157,992157
992158,992158
992159,992159
992160,992160
992161,992161
992162,992162
992163,992163
992164,992164
992165,992165
992166,992166
992167,992167
992168,992168
992169,992169
992170,992170
992171,992171
992172,992172
992173,992173
992174,992174
992175,992175
992176,992176
992177,992177
992178,992178
992179,992179
992180,992180
992181,992181
992182,992182
992183,992183
992184,992184
992185,992185
992186,992186
992187,992187
992188,992188
992189,992189
992190,992190
992191,992191
992192,992192
992193,992193
992194,992194
992195,992195
992196,992196
992197,992197
992198,992198
992199,992199
992200,992200
992201,992201
992202,992202
992203,992203
992204,992204
992205,992205
992206,992206
992207,992207
992208,992208
992209,992209
992210,992210
992211,992211
992212,992212
992213,992213
992214,992214
992215,992215
992216,992216
992217,992217
992218,992218
992219,992219
992220,992220
992221,992221
992222,992222
992223,992223
992224,992224
992225,992225
992226,992226
992227,992227
992228,992228
992229,992229
992230,992230
992231,992231
992232,992232
992233,992233
992234,992234
992235,992235
992236,992236
992237,992237
992238,992238
992239,992239
992240,992240
992241,992241
992242,992242
992243,992243
992244,992244
992245,992245
992246,992246
992247,992247
992248,992248
992249,992249
992250,992250
992251,992251
992252,992252
992253,992253
992254,992254
992255,992255
992256,992256
992257,992257
992258,992258
992259,992259
992260,992260
992261,992261
992262,992262
992263,992263
992264,992264
992265,992265
992266,992266
992267,992267
992268,992268
992269,992269
992270,992270
992271,992271
992272,992272
992273,992273
992274,992274
992275,992275
992276,992276
992277,992277
992278,992278
992279,992279
992280,992280
992281,992281
992282,992282
992283,992283
992284,992284
992285,992285
992286,992286
992287,992287
992288,992288
992289,992289
992290,992290
992291,992291
992292,992292
992293,992293
992294,992294
992295,992295
992296,992296
992297,992297
992298,992298
992299,992299
992300,992300
992301,992301
992302,992302
992303,992303
992304,992304
992305,992305
992306,992306
992307,992307
992308,992308
992309,992309
992310,992310
992311,992311
992312,992312
992313,992313
992314,992314
992315,992315
992316,992316
992317,992317
992318,992318
992319,992319
992320,992320
992321,992321
992322,992322
992323,992323
992324,992324
992325,992325
992326,992326
992327,992327
992328,992328
992329,992329
992330,992330
992331,992331
992332,992332
992333,992333
992334,992334
992335,992335
992336,992336
992337,992337
992338,992338
992339,992339
992340,992340
992341,992341
992342,992342
992343,992343
992344,992344
992345,992345
992346,992346
992347,992347
992348,992348
992349,992349
992350,992350
992351,992351
992352,992352
992353,992353
992354,992354
992355,992355
992356,992356
992357,992357
992358,992358
992359,992359
992360,992360
992361,992361
992362,992362
992363,992363
992364,992364
992365,992365
992366,992366
992367,992367
992368,992368
992369,992369
992370,992370
992371,992371
992372,992372
992373,992373
992374,992374
992375,992375
992376,992376
992377,992377
992378,992378
992379,992379
992380,992380
992381,992381
992382,992382
992383,992383
992384,992384
992385,992385
992386,992386
992387,992387
992388,992388
992389,992389
992390,992390
992391,992391
992392,992392
992393,992393
992394,992394
992395,992395
992396,992396
992397,992397
992398,992398
992399,992399
992400,992400
992401,992401
992402,992402
992403,992403
992404,992404
992405,992405
992406,992406
992407,992407
992408,992408
992409,992409
992410,992410
992411,992411
992412,992412
992413,992413
992414,992414
992415,992415
992416,992416
992417,992417
992418,992418
992419,992419
992420,992420
992421,992421
992422,992422
992423,992423
992424,992424
992425,992425
992426,992426
992427,992427
992428,992428
992429,992429
992430,992430
992431,992431
992432,992432
992433,992433
992434,992434
992435,992435
992436,992436
992437,992437
992438,992438
992439,992439
992440,992440
992441,992441
992442,992442
992443,992443
992444,992444
992445,992445
992446,992446
992447,992447
992448,992448
992449,992449
992450,992450
992451,992451
992452,992452
992453,992453
992454,992454
992455,992455
992456,992456
992457,992457
992458,992458
992459,992459
992460,992460
992461,992461
992462,992462
992463,992463
992464,992464
992465,992465
992466,992466
992467,992467
992468,992468
992469,992469
992470,992470
992471,992471
992472,992472
992473,992473
992474,992474
992475,992475
992476,992476
992477,992477
992478,992478
992479,992479
992480,992480
992481,992481
992482,992482
992483,992483
992484,992484
992485,992485
992486,992486
992487,992487
992488,992488
992489,992489
992490,992490
992491,992491
992492,992492
992493,992493
992494,992494
992495,992495
992496,992496
992497,992497
992498,992498
992499,992499
992500,992500
992501,992501
992502,992502
992503,992503
992504,992504
992505,992505
992506,992506
992507,992507
992508,992508
992509,992509
992510,992510
992511,992511
992512,992512
992513,992513
992514,992514
992515,992515
992516,992516
992517,992517
992518,992518
992519,992519
992520,992520
992521,992521
992522,992522
992523,992523
992524,992524
992525,992525
992526,992526
992527,992527
992528,992528
992529,992529
992530,992530
992531,992531
992532,992532
992533,992533
992534,992534
992535,992535
992536,992536
992537,992537
992538,992538
992539,992539
992540,992540
992541,992541
992542,992542
992543,992543
992544,992544
992545,992545
992546,992546
992547,992547
992548,992548
992549,992549
992550,992550
992551,992551
992552,992552
992553,992553
992554,992554
992555,992555
992556,992556
992557,992557
992558,992558
992559,992559
992560,992560
992561,992561
992562,992562
992563,992563
992564,992564
992565,992565
992566,992566
992567,992567
992568,992568
992569,992569
992570,992570
992571,992571
992572,992572
992573,992573
992574,992574
992575,992575
992576,992576
992577,992577
992578,992578
992579,992579
992580,992580
992581,992581
992582,992582
992583,992583
992584,992584
992585,992585
992586,992586
992587,992587
992588,992588
992589,992589
992590,992590
992591,992591
992592,992592
992593,992593
992594,992594
992595,992595
992596,992596
992597,992597
992598,992598
992599,992599
992600,992600
992601,992601
992602,992602
992603,992603
992604,992604
992605,992605
992606,992606
992607,992607
992608,992608
992609,992609
992610,992610
992611,992611
992612,992612
992613,992613
992614,992614
992615,992615
992616,992616
992617,992617
992618,992618
992619,992619
992620,992620
992621,992621
992622,992622
992623,992623
992624,992624
992625,992625
992626,992626
992627,992627
992628,992628
992629,992629
992630,992630
992631,992631
992632,992632
992633,992633
992634,992634
992635,992635
992636,992636
992637,992637
992638,992638
992639,992639
992640,992640
992641,992641
992642,992642
992643,992643
992644,992644
992645,992645
992646,992646
992647,992647
992648,992648
992649,992649
992650,992650
992651,992651
992652,992652
992653,992653
992654,992654
992655,992655
992656,992656
992657,992657
992658,992658
992659,992659
992660,992660
992661,992661
992662,992662
992663,992663
992664,992664
992665,992665
992666,992666
992667,992667
992668,992668
992669,992669
992670,992670
992671,992671
992672,992672
992673,992673
992674,992674
992675,992675
992676,992676
992677,992677
992678,992678
992679,992679
992680,992680
992681,992681
992682,992682
992683,992683
992684,992684
992685,992685
992686,992686
992687,992687
992688,992688
992689,992689
992690,992690
992691,992691
992692,992692
992693,992693
992694,992694
992695,992695
992696,992696
992697,992697
992698,992698
992699,992699
992700,992700
992701,992701
992702,992702
992703,992703
992704,992704
992705,992705
992706,992706
992707,992707
992708,992708
992709,992709
992710,992710
992711,992711
992712,992712
992713,992713
992714,992714
992715,992715
992716,992716
992717,992717
992718,992718
992719,992719
992720,992720
992721,992721
992722,992722
992723,992723
992724,992724
992725,992725
992726,992726
992727,992727
992728,992728
992729,992729
992730,992730
992731,992731
992732,992732
992733,992733
992734,992734
992735,992735
992736,992736
992737,992737
992738,992738
992739,992739
992740,992740
992741,992741
992742,992742
992743,992743
992744,992744
992745,992745
992746,992746
992747,992747
992748,992748
992749,992749
992750,992750
992751,992751
992752,992752
992753,992753
992754,992754
992755,992755
992756,992756
992757,992757
992758,992758
992759,992759
992760,992760
992761,992761
992762,992762
992763,992763
992764,992764
992765,992765
992766,992766
992767,992767
992768,992768
992769,992769
992770,992770
992771,992771
992772,992772
992773,992773
992774,992774
992775,992775
992776,992776
992777,992777
992778,992778
992779,992779
992780,992780
992781,992781
992782,992782
992783,992783
992784,992784
992785,992785
992786,992786
992787,992787
992788,992788
992789,992789
992790,992790
992791,992791
992792,992792
992793,992793
992794,992794
992795,992795
992796,992796
992797,992797
992798,992798
992800,992800
992801,992801
992802,992802
992803,992803
992804,992804
992805,992805
992806,992806
992807,992807
992808,992808
992809,992809
992810,992810
992811,992811
992812,992812
992813,992813
992814,992814
992815,992815
992816,992816
992817,992817
992818,992818
992819,992819
992820,992820
992821,992821
992822,992822
992823,992823
992824,992824
992825,992825
992826,992826
992827,992827
992828,992828
992829,992829
992830,992830
992831,992831
992832,992832
992833,992833
992834,992834
992835,992835
992836,992836
992837,992837
992838,992838
992839,992839
992840,992840
992841,992841
992842,992842
992843,992843
992844,992844
992845,992845
992846,992846
992847,992847
992848,992848
992849,992849
992850,992850
992851,992851
992852,992852
992853,992853
992854,992854
992855,992855
992856,992856
992857,992857
992858,992858
992859,992859
992860,992860
992861,992861
992862,992862
992863,992863
992864,992864
992865,992865
992866,992866
992867,992867
992868,992868
992869,992869
992870,992870
992871,992871
992872,992872
992873,992873
992874,992874
992875,992875
992876,992876
992877,992877
992878,992878
992879,992879
992880,992880
992881,992881
992882,992882
992883,992883
992884,992884
992885,992885
992886,992886
992887,992887
992888,992888
992889,992889
992890,992890
992891,992891
992892,992892
992893,992893
992894,992894
992895,992895
992896,992896
992897,992897
992898,992898
992899,992899
992900,992900
992901,992901
992902,992902
992903,992903
992904,992904
992905,992905
992906,992906
992907,992907
992908,992908
992909,992909
992910,992910
992911,992911
992912,992912
992913,992913
992914,992914
992915,992915
992916,992916
992917,992917
992918,992918
992919,992919
992920,992920
992921,992921
992922,992922
992923,992923
992924,992924
992925,992925
992926,992926
992927,992927
992928,992928
992929,992929
992930,992930
992931,992931
992932,992932
992933,992933
992934,992934
992935,992935
992936,992936
992937,992937
992938,992938
992939,992939
992940,992940
992941,992941
992942,992942
992943,992943
992944,992944
992945,992945
992946,992946
992947,992947
992948,992948
992949,992949
992950,992950
992951,992951
992952,992952
992953,992953
992954,992954
992955,992955
992956,992956
992957,992957
992958,992958
992959,992959
992960,992960
992961,992961
992962,992962
992963,992963
992964,992964
992965,992965
992966,992966
992967,992967
992968,992968
992969,992969
992970,992970
992971,992971
992972,992972
992973,992973
992974,992974
992975,992975
992976,992976
992977,992977
992978,992978
992979,992979
992980,992980
992981,992981
992982,992982
992983,992983
992984,992984
992985,992985
992986,992986
992987,992987
992988,992988
992989,992989
992990,992990
992991,992991
992992,992992
992993,992993
992994,992994
992995,992995
992996,992996
992997,992997
992998,992998
992999,992999
993000,993000
993001,993001
993002,993002
993003,993003
993004,993004
993005,993005
993006,993006
993007,993007
993008,993008
993009,993009
993010,993010
993011,993011
993012,993012
993013,993013
993014,993014
993015,993015
993016,993016
993017,993017
993018,993018
993019,993019
993020,993020
993021,993021
993022,993022
993023,993023
993024,993024
993025,993025
993026,993026
993027,993027
993028,993028
993029,993029
993030,993030
993031,993031
993032,993032
993033,993033
993034,993034
993035,993035
993036,993036
993037,993037
993038,993038
993039,993039
993041,993041
993042,993042
