"i_creature_id","c_incident_id"
1,1
2,2
3,3
4,4
6,6
7,7
8,8
9,9
10,10
11,11
12,12
13,13
14,14
15,15
16,16
17,17
18,18
19,19
20,20
21,21
22,22
23,23
24,24
25,25
26,26
27,27
28,28
29,29
30,30
31,31
32,32
33,33
34,34
35,35
36,36
37,37
38,38
39,39
40,40
41,41
42,42
43,43
44,44
45,45
46,46
47,47
48,48
49,49
50,50
51,51
52,52
53,53
54,54
55,55
56,56
57,57
58,58
59,59
60,60
61,61
62,62
63,63
64,64
65,65
66,66
67,67
68,68
69,69
70,70
72,72
73,73
74,74
75,75
76,76
77,77
78,78
79,79
80,80
81,81
82,82
83,83
84,84
85,85
86,86
87,87
88,88
89,89
90,90
91,91
92,92
93,93
94,94
95,95
96,96
97,97
98,98
99,99
100,100
101,101
102,102
103,103
104,104
105,105
106,106
107,107
108,108
109,109
110,110
111,111
112,112
113,113
114,114
115,115
116,116
117,117
118,118
119,119
120,120
121,121
122,122
123,123
124,124
125,125
126,126
127,127
128,128
129,129
130,130
131,131
132,132
133,133
134,134
135,135
136,136
137,137
138,138
139,139
140,140
141,141
142,142
143,143
144,144
145,145
146,146
147,147
148,148
149,149
150,150
151,151
152,152
153,153
154,154
155,155
156,156
157,157
158,158
159,159
160,160
161,161
162,162
163,163
164,164
165,165
166,166
167,167
168,168
169,169
170,170
171,171
172,172
173,173
174,174
175,175
176,176
177,177
178,178
179,179
180,180
181,181
182,182
183,183
184,184
185,185
186,186
187,187
188,188
189,189
190,190
191,191
192,192
193,193
194,194
195,195
196,196
197,197
198,198
199,199
200,200
201,201
202,202
203,203
204,204
205,205
206,206
207,207
208,208
209,209
210,210
211,211
212,212
213,213
214,214
215,215
216,216
217,217
218,218
219,219
220,220
221,221
222,222
223,223
224,224
225,225
226,226
227,227
228,228
229,229
230,230
231,231
232,232
233,233
234,234
235,235
236,236
237,237
238,238
239,239
240,240
241,241
242,242
243,243
244,244
245,245
246,246
247,247
248,248
249,249
250,250
251,251
252,252
253,253
254,254
255,255
256,256
257,257
258,258
259,259
260,260
261,261
262,262
263,263
264,264
265,265
266,266
267,267
268,268
269,269
270,270
271,271
272,272
273,273
274,274
275,275
276,276
277,277
278,278
279,279
280,280
281,281
282,282
283,283
284,284
285,285
286,286
287,287
288,288
289,289
290,290
291,291
292,292
293,293
294,294
295,295
296,296
297,297
298,298
299,299
300,300
301,301
302,302
303,303
304,304
305,305
306,306
307,307
308,308
309,309
310,310
311,311
312,312
313,313
314,314
315,315
316,316
317,317
318,318
319,319
320,320
321,321
322,322
323,323
324,324
325,325
326,326
327,327
328,328
329,329
330,330
331,331
332,332
333,333
334,334
335,335
336,336
337,337
338,338
339,339
340,340
341,341
342,342
343,343
344,344
345,345
346,346
347,347
348,348
349,349
350,350
351,351
352,352
353,353
354,354
355,355
356,356
357,357
358,358
359,359
360,360
361,361
362,362
363,363
364,364
365,365
366,366
367,367
368,368
369,369
370,370
371,371
372,372
373,373
374,374
375,375
376,376
377,377
378,378
379,379
380,380
381,381
382,382
383,383
384,384
385,385
386,386
387,387
388,388
389,389
390,390
391,391
392,392
393,393
394,394
395,395
396,396
397,397
398,398
399,399
400,400
401,401
403,403
404,404
405,405
406,406
407,407
408,408
409,409
410,410
411,411
412,412
413,413
414,414
415,415
416,416
417,417
418,418
419,419
420,420
421,421
422,422
423,423
424,424
425,425
426,426
427,427
428,428
429,429
430,430
431,431
432,432
433,433
434,434
435,435
436,436
437,437
438,438
439,439
440,440
441,441
442,442
443,443
444,444
445,445
446,446
447,447
448,448
450,450
451,451
452,452
453,453
454,454
455,455
456,456
457,457
458,458
459,459
460,460
461,461
462,462
463,463
464,464
465,465
466,466
467,467
468,468
469,469
470,470
471,471
472,472
473,473
474,474
475,475
476,476
477,477
478,478
479,479
480,480
481,481
482,482
483,483
484,484
485,485
486,486
487,487
488,488
489,489
490,490
491,491
492,492
493,493
494,494
495,495
496,496
497,497
498,498
499,499
500,500
501,501
502,502
1001,1000001
1002,1000002
1003,1000004
1004,1000005
1005,1000007
1006,1000008
1007,1000009
1008,1000006
1009,1000010
1010,1000011
1011,1000012
1012,1000013
1013,1000014
1014,1000015
1015,1000016
1016,1000017
1017,1000019
1018,1000020
1019,1000021
1020,1000022
1021,1000023
1022,1000024
1023,1000025
1024,1000028
1025,1000029
1026,1000032
1027,1000033
1028,1000034
1029,1000036
1030,1000037
1031,1000038
1032,1000039
1033,1000040
1034,1000041
1035,1000042
1036,1000044
1037,1000045
1038,1000050
1039,1000051
1040,1000052
1040,1000053
1041,1000052
1041,1000053
1042,1000052
1042,1000053
1043,1000052
1043,1000053
1044,1000054
1045,1000055
1046,1000056
1047,1000057
1048,1000058
1049,1000059
1050,1000060
1051,1000060
1052,1000061
1053,1000064
1054,1000065
1055,1000066
1056,1000067
1057,1000069
1058,1000071
1059,1000072
1060,1000073
1061,1000075
1062,1000126
1063,1000030
1064,1000066
1065,1000082
1066,1000081
1067,1000084
1068,1000104
1069,1000105
1070,1000107
1071,1000121
1072,1000128
1073,1000129
1074,1000130
1075,1000131
1076,1000134
1077,1000135
1078,1000136
1079,1000137
1080,1000138
1081,1000139
1082,1000140
1083,1000141
1084,1000142
1085,1000143
1086,1000145
1087,1000147
1088,1000148
1089,1000149
1090,1000150
1091,1000151
1092,1000152
1093,1000153
1094,1000154
1095,1000155
1096,1000156
1097,1000157
1098,1000158
1099,1000159
1100,1000160
1101,1000161
1102,1000164
1103,1000165
1104,1000166
1105,1000167
1106,1000171
1107,1000172
1108,1000173
1109,1000173
1110,1000175
1111,1000176
1112,1000177
1113,1000178
1114,1000179
1115,1000180
1116,1000181
1117,1000182
1118,1000184
1119,1000185
1120,1000187
1121,1000188
1122,1000189
1123,1000190
1123,1000191
1124,1000192
1125,1000193
1126,1000194
1127,1000195
1128,1000196
1129,1000197
1130,1000198
1131,1000199
1132,1000200
1133,1000201
1134,1000202
1135,1000205
1136,1000206
1137,1000207
1138,1000208
1139,1000209
1140,1000210
1141,1000212
1142,1000212
1143,1000213
1144,1000214
1145,1000215
1146,1000216
1147,1000217
1148,1000218
1149,1000220
1150,1000221
1151,1000222
1152,1000223
1153,1000224
1154,1000225
1155,1000226
1156,1000227
1157,1000229
1158,1000231
1159,1000232
1160,1000234
1161,1000235
1162,1000236
1163,1000237
1164,1000238
1165,1000239
1166,1000240
1167,1000241
1168,1000242
1169,1000243
1170,1000244
1171,1000245
1172,1000246
1173,1000247
1174,1000249
1175,1000250
1176,1000251
1177,1000252
1178,1000253
1179,1000254
1180,1000255
1181,1000256
1182,1000257
1183,1000258
1184,1000259
1185,1000261
1186,1000262
1187,1000263
1188,1000264
1189,1000265
1190,1000266
1191,1000267
1192,1000268
1193,1000269
1194,1000271
1195,1000272
1196,1000275
1197,1000276
1198,1000277
1199,1000279
1200,1000280
1201,1000282
1202,1000283
1203,1000285
1204,1000286
1205,1000287
1206,1000288
1207,1000289
1208,1000291
1209,1000292
1210,1000293
1211,1000294
1211,1000295
1212,1000296
1213,1000298
1214,1000298
1215,1000298
1216,1000300
1217,1000301
1218,1000302
1219,1000302
1220,1000303
1221,1000305
1222,1000307
1223,1000308
1224,1000309
1225,1000310
1226,1000311
1227,1000312
1228,1000313
1229,1000314
1230,1000314
1231,1000315
1232,1000316
1233,1000318
1234,1000319
1235,1000321
1236,1000322
1237,1000323
1238,1000338
1239,1000346
1240,1000347
1241,1000357
1242,1000358
1243,1000368
1244,1000369
1245,1000370
1246,1000377
1247,1000378
1248,1000378
1249,1000379
1250,1000380
1251,1000381
1252,1000382
1253,1000384
1254,1000386
1255,1000387
1256,1000388
1257,1000389
1258,1000390
1259,1000391
1260,1000394
1261,1000395
1262,1000396
1263,1000397
1264,1000398
1265,1000402
1266,1000403
1267,1000404
1268,1000405
1269,1000406
1270,1000409
1271,1000410
1272,1000411
1273,1000413
1274,1000414
1275,1000414
1276,1000414
1277,1000415
1278,1000416
1279,1000418
1280,1000419
1281,1000420
1282,1000421
1283,1000422
1284,1000425
1285,1000424
1286,1000429
1287,1000430
1288,1000431
1289,1000432
1290,1000433
1291,1000434
1292,1000435
1293,1000441
1294,1000442
1295,1000443
1296,1000444
1297,1000445
1298,1000449
1299,1000449
1300,1000451
1301,1000452
1302,1000453
1303,1000454
1304,1000455
1305,1000456
1306,1000457
1307,1000458
1308,1000459
1309,1000460
1310,1000461
1311,1000464
1312,1000467
1313,1000468
1314,1000469
1315,1000480
1316,1000481
1317,1000482
1318,1000483
1319,1000484
1320,1000488
1321,1000492
1322,1000493
1323,1000496
1324,1000499
1325,1000500
1326,1000501
1326,1000502
1327,1000502
1328,1000510
1329,1000511
1330,1000512
1331,1000513
1332,1000514
1333,1000516
1334,1000518
1335,1000519
1336,1000520
1337,1000521
1338,1000522
1339,1000523
1340,1000524
1341,1000526
1342,1000529
1343,1000534
1344,1000536
1345,1000538
1346,1000540
1347,1000541
1348,1000543
1349,1000545
1350,1000545
1351,1000546
1352,1000549
1353,1000553
1354,1000554
1355,1000555
1356,1000556
1357,1000557
1358,1000558
1359,1000562
1360,1000561
1361,1000563
1362,1000564
1363,1000566
1364,1000567
1365,1000568
1366,1000569
1367,1000570
1368,1000573
1369,1000574
1370,1000575
1371,1000577
1372,1000578
1373,1000581
1374,1000579
1375,1000582
1376,1000584
1377,1000585
1378,1000586
1379,1000587
1380,1000588
1381,1000589
1382,1000590
1383,1000591
1384,1000592
1385,1000594
1386,1000595
1387,1000596
1388,1000597
1389,1000598
1390,1000602
1391,1000603
1392,1000606
1393,1000606
1394,1000612
1395,1000615
1396,1000614
1397,1000616
1398,1000617
1399,1000618
1400,1000619
1401,1000622
1402,1000624
1403,1000626
1404,1000627
1405,1000629
1406,1000630
1407,1000631
1408,1000632
1409,1000634
1410,1000635
1411,1000635
1412,1000636
1413,1000636
1414,1000639
1415,1000640
1416,1000641
1417,1000643
1418,1000644
1419,1000646
1420,1000649
1421,1000650
1422,1000651
1423,1000652
1424,1000653
1425,1000653
1426,1000654
1427,1000656
1428,1000658
1429,1000659
1430,1000660
1431,1000661
1432,1000663
1433,1000666
1434,1000667
1435,1000668
1436,1000669
1437,1000671
1438,1000672
1439,1000672
1440,1000674
1441,1000675
1442,1000677
1443,1000676
1444,1000678
1445,1000679
1446,1000681
1447,1000682
1448,1000683
1449,1000685
1450,1000686
1451,1000688
1452,1000692
1453,1000693
1454,1000694
1455,1000695
1456,1000696
1457,1000700
1458,1000701
1459,1000704
1460,1000705
1461,1000706
1462,1000707
1463,1000708
1464,1000710
1465,1000712
1466,1000714
1467,1000715
1468,1000717
1469,1000718
1470,1000722
1471,1000724
1471,1000725
1472,1000726
1473,1000728
1474,1000730
1475,1000731
1476,1000733
1477,1000736
1478,1000737
1479,1000738
1480,1000739
1481,1000740
1482,1000741
1483,1000744
1484,1000750
1485,1000751
1486,1000752
1487,1000753
1488,1000757
1489,1000757
1490,1000758
1491,1000759
1492,1000760
1493,1000761
1493,1000762
1494,1000766
1495,1000769
1496,1000772
1497,1000773
1498,1000774
1499,1000775
1500,1000776
1501,1000777
1502,1000778
1503,1000780
1504,1000781
1505,1000782
1506,1000783
1507,1000783
1508,1000783
1509,1000785
1510,1000785
1511,1000788
1512,1000788
1513,1000789
1514,1000790
1515,1000791
1516,1000792
1517,1000793
1518,1000796
1519,1000797
1520,1000798
1521,1000798
1522,1000798
1523,1000799
1524,1000801
1525,1000804
1526,1000806
1527,1000807
1528,1000808
1529,1000809
1530,1000811
1531,1000814
1532,1000818
1533,1000821
1534,1000822
1535,1000823
1536,1000822
1537,1000824
1538,1000825
1539,1000826
1540,1000828
1541,1000829
1542,1000831
1543,1000833
1544,1000834
1545,1000835
1546,1000838
1547,1000840
1548,1000841
1549,1000842
1550,1000843
1551,1000846
1552,1000849
1553,1000851
1554,1000854
1555,1000854
1556,1000855
1557,1000856
1558,1000858
1559,1000859
1560,1000860
1561,1000861
1562,1000862
1563,1000863
1564,1000864
1565,1000865
1566,1000866
1567,1000868
1568,1000873
1569,1000874
1570,1000875
1571,1000877
1572,1000878
1573,1000879
1574,1000880
1575,1000882
1576,1000884
1577,1000886
1578,1000887
1579,1000888
1580,1000889
1581,1000891
1582,1000892
1583,1000893
1584,1000894
1585,1000898
1586,1000898
1587,1000898
1588,1000900
1589,1000901
1590,1000902
1591,1000903
1592,1000905
1593,1000907
1594,1000908
1595,1000909
1596,1000910
1597,1000911
1598,1000912
1599,1000915
1600,1000917
1601,1000917
1602,1000919
1603,1000920
1604,1000922
1605,1000930
1606,1000932
1607,1000934
1608,1000935
1609,1000936
1610,1000937
1611,1000940
1612,1000941
1613,1000941
1614,1000943
1615,1000942
1616,1000944
1617,1000945
1618,1000946
1619,1000947
1620,1000948
1621,1000949
1622,1000950
1623,1000951
1624,1000953
1625,1000954
1626,1000956
1627,1000958
1628,1000957
1629,1000959
1630,1000960
1631,1000961
1632,1000963
1633,1000964
1634,1000966
1635,1000969
1636,1000971
1637,1000972
1638,1000974
1639,1000976
1640,1000975
1641,1000980
1642,1000981
1643,1000982
1644,1000984
1645,1000985
1646,1000986
1647,1000987
1648,1000988
1649,1000989
1650,1000990
1651,1000992
1652,1000993
1653,1000996
1654,1000997
1655,1000998
1656,1000999
1657,1001002
1658,1001003
1659,1001004
1660,1001006
1661,1001007
1662,1001009
1663,1001012
1664,1001013
1665,1001015
1666,1001016
1667,1001017
1668,1001019
1669,1001020
1670,1001021
1671,1001023
1672,1001027
1673,1001028
1674,1001029
1675,1001030
1676,1001031
1677,1001032
1678,1001034
1679,1001035
1680,1001036
1681,1001037
1682,1001037
1683,1001038
1684,1001039
1685,1001040
1686,1001041
1687,1001042
1688,1001043
1689,1001045
1690,1001046
1691,1001047
1692,1001048
1693,1001049
1694,1001054
1695,1001055
1696,1001058
1697,1001060
1698,1001062
1699,1001064
1700,1001065
1701,1001066
1702,1001068
1703,1001072
1704,1001073
1705,1001076
1706,1001077
1707,1001078
1708,1001079
1709,1001080
1710,1001081
1711,1001083
1712,1001084
1713,1001085
1714,1001086
1715,1001089
1716,1001090
1717,1001095
1718,1001095
1719,1001097
1720,1001098
1721,1001098
1722,1001100
1723,1001101
1724,1001103
1725,1001104
1726,1001105
1727,1001106
1728,1001108
1729,1001107
1730,1001111
1731,1001112
1732,1001113
1733,1001114
1734,1001115
1735,1001116
1736,1001117
1737,1001118
1738,1001119
1739,1001120
1740,1001122
1741,1001123
1742,1001124
1743,1001125
1744,1001127
1745,1001126
1746,1001130
1747,1001128
1748,1001131
1749,1001129
1750,1001132
1751,1001133
1752,1001135
1753,1001136
1754,1001138
1755,1001140
1756,1001141
1757,1001143
1758,1001144
1759,1001145
1760,1001146
1761,1001147
1762,1001149
1763,1001150
1764,1001151
1765,1001152
1766,1001153
1767,1001155
1768,1001156
1769,1001157
1770,1001159
1771,1001160
1772,1001160
1773,1001161
1774,1001162
1775,1001163
1776,1001164
1777,1001165
1778,1001168
1779,1001169
1780,1001170
1781,1001171
1782,1001172
1783,1001175
1784,1001176
1785,1001177
1786,1001178
1787,1001180
1788,1001181
1789,1001182
1790,1001183
1791,1001184
1792,1001186
1793,1001188
1794,1001188
1795,1001193
1796,1001189
1797,1001195
1798,1001196
1799,1001197
1800,1001199
1801,1001200
1802,1001201
1803,1001204
1804,1001206
1805,1001207
1806,1001207
1807,1001209
1808,1001211
1809,1001213
1810,1001215
1811,1001218
1812,1001219
1813,1001221
1814,1001222
1815,1001223
1816,1001223
1817,1001225
1818,1001228
1819,1001229
1820,1001230
1821,1001231
1822,1001232
1823,1001233
1824,1001234
1825,1001235
1826,1001235
1827,1001238
1828,1001239
1829,1001240
1830,1001241
1831,1001242
1832,1001246
1833,1001247
1834,1001248
1835,1001248
1836,1001248
1837,1001249
1838,1001250
1839,1001251
1840,1001253
1841,1001253
1842,1001254
1843,1001255
1844,1001256
1845,1001258
1846,1001259
1847,1001260
1848,1001261
1849,1001262
1850,1001263
1851,1001265
1852,1001266
1853,1001267
1854,1001268
1855,1001269
1856,1001270
1857,1001272
1858,1001273
1859,1001274
1860,1001275
1861,1001276
1862,1001279
1863,1001281
1864,1001282
1865,1001283
1866,1001284
1867,1001285
1868,1001286
1869,1001287
1870,1001290
1871,1001291
1872,1001293
1873,1001294
1874,1001295
1875,1001296
1876,1001297
1877,1001298
1878,1001299
1879,1001299
1880,1001300
1881,1001301
1882,1001301
1883,1001301
1884,1001301
1885,1001301
1886,1001302
1887,1001303
1888,1001303
1889,1001309
1890,1001312
1891,1001313
1892,1001314
1893,1001315
1894,1001317
1895,1001318
1896,1001319
1897,1001320
1898,1001321
1899,1001322
1900,1001324
1901,1001325
1902,1000183
1903,1001326
1904,1001328
1905,1000074
1906,1000123
1907,1000124
1908,1000133
1909,1000219
1910,1000709
1911,1000802
1912,1000852
1913,1000407
1914,1001050
1915,1001137
1916,1001236
1917,1001243
1918,1001227
1919,1001245
1920,1001257
1921,1001304
1922,1001323
1923,1001327
1924,1000535
1925,1000535
1926,1000608
1927,1001329
1928,1001330
1929,1001332
1930,1001333
1931,1001334
1932,1001335
1933,1001336
1934,1001338
1935,1001340
1936,1001341
1937,1001342
1938,1001343
1939,1000844
1940,1001344
1941,1001345
1942,1001348
1943,1001349
1944,1001351
1945,1001353
1946,1001354
1947,1001355
1948,1001356
1949,1001357
1950,1001358
1951,1001359
1952,1001360
1953,1001361
1954,1001362
1955,1001363
1956,1001364
1957,1001365
1958,1001366
1959,1001367
1960,1001370
1961,1001371
1962,1001372
1963,1001373
1964,1001374
1965,1001375
1966,1001376
1967,1001376
1968,1001378
1969,1001380
1970,1001381
1971,1001382
1972,1001383
1973,1001384
1974,1001386
1975,1001389
1976,1000487
1977,1001390
1978,1001392
1979,1001396
1980,1001398
1981,1001399
1982,1001400
1983,1001401
1984,1001402
1985,1001403
1986,1001404
1987,1001405
1988,1001406
1989,1001407
1990,1001408
1991,1001410
1992,1001411
1992,1001412
1993,1001411
1993,1001412
1994,1001413
1995,1001414
1996,1001415
1997,1001416
1998,1001417
1999,1001418
2000,1001420
2001,1001421
2002,1001422
2003,1001424
2004,1001424
2005,1001393
2006,1001394
2007,1001395
2008,1001425
2009,1001426
2010,1001428
2011,1001429
2012,1001431
2013,1001434
2014,1001437
2015,1001438
2016,1001440
2017,1001444
2018,1001445
2019,1001446
2020,1001448
2021,1001449
2022,1001451
2023,1001452
2024,1001453
2025,1001454
2026,1001455
2027,1001456
2028,1001457
2029,1001458
2030,1001459
2031,1001460
2032,1001462
2033,1001463
2034,1001464
2035,1001465
2036,1001466
2037,1001467
2038,1001468
2039,1001469
2040,1001470
2041,1001471
2042,1001472
2043,1001473
2044,1001474
2045,1001475
2046,1001476
2047,1001477
2048,1001478
2049,1001479
2050,1001480
2051,1001481
2052,1001482
2053,1001483
2054,1001484
2055,1001485
2056,1001486
2057,1001487
2058,1001488
2059,1001489
2060,1001490
2061,1001491
2062,1001492
2063,1001493
2064,1001494
2065,1001495
2066,1001496
2067,1001497
2068,1001499
2069,1001501
2070,1001502
2071,1001503
2072,1001505
2073,1000835
2074,1001506
2075,1001507
2076,1001507
2077,1001508
2078,1001509
2079,1001510
2080,1001513
2081,1001514
2082,1001515
2083,1001516
2084,1001517
2085,1001518
2086,1001519
2087,1001520
2088,1001522
2089,1001523
2090,1001529
2091,1001526
2092,1001527
2093,1001524
2094,1001524
2095,1001528
2096,1001530
2097,1001531
2098,1001531
991002,991002
991003,991003
991004,991004
991005,991005
991006,991006
991007,991007
991008,991008
991009,991009
991010,991010
991011,991011
991012,991012
991013,991013
991014,991014
991015,991015
991016,991016
991017,991017
991018,991018
991019,991019
991020,991020
991021,991021
991022,991022
991023,991023
991024,991024
991025,991025
991026,991026
991027,991027
991028,991028
991029,991029
991030,991030
991031,991031
991032,991032
991033,991033
991034,991034
991035,991035
991036,991036
991037,991037
991038,991038
991039,991039
991040,991040
991041,991041
991042,991042
991043,991043
991044,991044
991045,991045
991046,991046
991047,991047
991048,991048
991049,991049
991050,991050
991051,991051
991052,991052
991053,991053
991054,991054
991055,991055
991056,991056
991057,991057
991058,991058
991059,991059
991060,991060
991061,991061
991062,991062
991063,991063
991064,991064
991065,991065
991066,991066
991067,991067
991068,991068
991069,991069
991070,991070
991071,991071
991072,991072
991073,991073
991074,991074
991075,991075
991076,991076
991077,991077
991078,991078
991079,991079
991080,991080
991081,991081
991082,991082
991083,991083
991084,991084
991085,991085
991086,991086
991087,991087
991088,991088
991089,991089
991090,991090
991091,991091
991092,991092
991093,991093
991094,991094
991095,991095
991096,991096
991097,991097
991098,991098
991099,991099
991100,991100
991101,991101
991102,991102
991103,991103
991104,991104
991105,991105
991106,991106
991107,991107
991108,991108
991109,991109
991110,991110
991111,991111
991112,991112
991113,991113
991114,991114
991115,991115
991116,991116
991117,991117
991118,991118
991119,991119
991120,991120
991121,991121
991122,991122
991123,991123
991124,991124
991125,991125
991126,991126
991127,991127
991128,991128
991129,991129
991130,991130
991131,991131
991132,991132
991133,991133
991134,991134
991135,991135
991136,991136
991137,991137
991138,991138
991139,991139
991140,991140
991141,991141
991142,991142
991143,991143
991144,991144
991145,991145
991146,991146
991147,991147
991148,991148
991149,991149
991150,991150
991151,991151
991152,991152
991153,991153
991154,991154
991155,991155
991156,991156
991157,991157
991158,991158
991159,991159
991160,991160
991161,991161
991162,991162
991163,991163
991164,991164
991165,991165
991166,991166
991167,991167
991168,991168
991169,991169
991170,991170
991171,991171
991172,991172
991173,991173
991174,991174
991175,991175
991176,991176
991177,991177
991178,991178
991179,991179
991180,991180
991181,991181
991182,991182
991183,991183
991184,991184
991185,991185
991186,991186
991187,991187
991188,991188
991189,991189
991190,991190
991191,991191
991192,991192
991193,991193
991194,991194
991195,991195
991196,991196
991197,991197
991198,991198
991199,991199
991200,991200
991201,991201
991202,991202
991203,991203
991204,991204
991205,991205
991206,991206
991207,991207
991208,991208
991209,991209
991210,991210
991211,991211
991212,991212
991213,991213
991214,991214
991215,991215
991216,991216
991217,991217
991218,991218
991219,991219
991220,991220
991221,991221
991222,991222
991223,991223
991224,991224
991225,991225
991226,991226
991227,991227
991228,991228
991229,991229
991230,991230
991231,991231
991232,991232
991233,991233
991234,991234
991235,991235
991236,991236
991237,991237
991238,991238
991239,991239
991240,991240
991241,991241
991242,991242
991243,991243
991244,991244
991245,991245
991246,991246
991247,991247
991248,991248
991249,991249
991250,991250
991251,991251
991252,991252
991253,991253
991254,991254
991255,991255
991256,991256
991257,991257
991258,991258
991259,991259
991260,991260
991261,991261
991262,991262
991263,991263
991264,991264
991265,991265
991266,991266
991267,991267
991268,991268
991269,991269
991270,991270
991271,991271
991272,991272
991273,991273
991274,991274
991275,991275
991276,991276
991277,991277
991278,991278
991279,991279
991280,991280
991281,991281
991282,991282
991283,991283
991284,991284
991285,991285
991286,991286
991287,991287
991288,991288
991289,991289
991290,991290
991291,991291
991292,991292
991293,991293
991294,991294
991295,991295
991296,991296
991297,991297
991298,991298
991299,991299
991300,991300
991301,991301
991302,991302
991303,991303
991304,991304
991305,991305
991306,991306
991307,991307
991308,991308
991309,991309
991310,991310
991311,991311
991312,991312
991313,991313
991314,991314
991315,991315
991316,991316
991317,991317
991318,991318
991319,991319
991320,991320
991321,991321
991322,991322
991323,991323
991324,991324
991325,991325
991326,991326
991327,991327
991328,991328
991329,991329
991330,991330
991331,991331
991332,991332
991333,991333
991334,991334
991335,991335
991336,991336
991337,991337
991338,991338
991339,991339
991340,991340
991341,991341
991342,991342
991343,991343
991344,991344
991345,991345
991346,991346
991347,991347
991348,991348
991349,991349
991350,991350
991351,991351
991352,991352
991353,991353
991354,991354
991355,991355
991356,991356
991357,991357
991358,991358
991359,991359
991360,991360
991361,991361
991362,991362
991363,991363
991364,991364
991365,991365
991366,991366
991367,991367
991368,991368
991369,991369
991370,991370
991371,991371
991372,991372
991373,991373
991374,991374
991375,991375
991376,991376
991377,991377
991378,991378
991379,991379
991380,991380
991381,991381
991382,991382
991383,991383
991384,991384
991385,991385
991386,991386
991387,991387
991388,991388
991389,991389
991390,991390
991391,991391
991392,991392
991393,991393
991394,991394
991395,991395
991396,991396
991397,991397
991398,991398
991399,991399
991400,991400
991401,991401
991402,991402
991403,991403
991404,991404
991405,991405
991406,991406
991407,991407
991408,991408
991409,991409
991410,991410
991411,991411
991412,991412
991413,991413
991414,991414
991415,991415
991416,991416
991417,991417
991418,991418
991419,991419
991420,991420
991421,991421
991422,991422
991423,991423
991424,991424
991425,991425
991426,991426
991427,991427
991428,991428
991429,991429
991430,991430
991431,991431
991432,991432
991433,991433
991434,991434
991435,991435
991436,991436
991437,991437
991438,991438
991439,991439
991440,991440
991441,991441
991442,991442
991443,991443
991444,991444
991445,991445
991446,991446
991447,991447
991448,991448
991449,991449
991450,991450
991451,991451
991452,991452
991453,991453
991454,991454
991455,991455
991456,991456
991457,991457
991458,991458
991459,991459
991460,991460
991461,991461
991462,991462
991463,991463
991464,991464
991465,991465
991466,991466
991467,991467
991468,991468
991469,991469
991470,991470
991471,991471
991472,991472
991473,991473
991474,991474
991475,991475
991476,991476
991477,991477
991478,991478
991479,991479
991480,991480
991481,991481
991482,991482
991483,991483
991484,991484
991485,991485
991486,991486
991487,991487
991488,991488
991489,991489
991490,991490
991491,991491
991492,991492
991493,991493
991494,991494
991495,991495
991496,991496
991497,991497
991498,991498
991499,991499
991500,991500
991501,991501
991502,991502
991503,991503
991504,991504
991505,991505
991506,991506
991507,991507
991508,991508
991509,991509
991510,991510
991511,991511
991512,991512
991513,991513
991514,991514
991515,991515
991516,991516
991517,991517
991518,991518
991519,991519
991520,991520
991521,991521
991522,991522
991523,991523
991524,991524
991525,991525
991526,991526
991527,991527
991528,991528
991529,991529
991530,991530
991531,991531
991532,991532
991533,991533
991534,991534
991535,991535
991536,991536
991537,991537
991538,991538
991539,991539
991540,991540
991541,991541
991542,991542
991543,991543
991544,991544
991545,991545
991546,991546
991547,991547
991548,991548
991549,991549
991550,991550
991551,991551
991552,991552
991553,991553
991554,991554
991555,991555
991556,991556
991557,991557
991558,991558
991559,991559
991560,991560
991561,991561
991562,991562
991563,991563
991564,991564
991565,991565
991566,991566
991567,991567
991568,991568
991569,991569
991570,991570
991571,991571
991572,991572
991573,991573
991574,991574
991575,991575
991576,991576
991577,991577
991578,991578
991579,991579
991580,991580
991581,991581
991582,991582
991583,991583
991584,991584
991585,991585
991586,991586
991587,991587
991588,991588
991589,991589
991590,991590
991591,991591
991592,991592
991593,991593
991594,991594
991595,991595
991596,991596
991597,991597
991598,991598
991599,991599
991600,991600
991601,991601
991602,991602
991603,991603
991604,991604
991605,991605
991606,991606
991607,991607
991608,991608
991609,991609
991610,991610
991611,991611
991612,991612
991613,991613
991614,991614
991615,991615
991616,991616
991617,991617
991618,991618
991619,991619
991620,991620
991621,991621
991622,991622
991623,991623
991624,991624
991625,991625
991626,991626
991627,991627
991628,991628
991629,991629
991630,991630
991631,991631
991632,991632
991633,991633
991634,991634
991635,991635
991636,991636
991637,991637
991638,991638
991639,991639
991640,991640
991641,991641
991642,991642
991643,991643
991644,991644
991645,991645
991646,991646
991647,991647
991648,991648
991649,991649
991650,991650
991651,991651
991652,991652
991653,991653
991654,991654
991655,991655
991656,991656
991657,991657
991658,991658
991659,991659
991660,991660
991661,991661
991662,991662
991663,991663
991664,991664
991665,991665
991666,991666
991667,991667
991668,991668
991669,991669
991670,991670
991671,991671
991672,991672
991673,991673
991674,991674
991675,991675
991676,991676
991677,991677
991678,991678
991679,991679
991680,991680
991681,991681
991682,991682
991683,991683
991684,991684
991685,991685
991686,991686
991687,991687
991688,991688
991689,991689
991690,991690
991691,991691
991692,991692
991693,991693
991694,991694
991695,991695
991696,991696
991697,991697
991698,991698
991699,991699
991700,991700
991701,991701
991702,991702
991703,991703
991704,991704
991705,991705
991706,991706
991707,991707
991708,991708
991709,991709
991710,991710
991711,991711
991712,991712
991713,991713
991714,991714
991715,991715
991716,991716
991717,991717
991718,991718
991719,991719
991720,991720
991721,991721
991722,991722
991723,991723
991724,991724
991725,991725
991726,991726
991727,991727
991728,991728
991729,991729
991730,991730
991731,991731
991732,991732
991733,991733
991734,991734
991735,991735
991736,991736
991737,991737
991738,991738
991739,991739
991740,991740
991741,991741
991742,991742
991743,991743
991744,991744
991745,991745
991746,991746
991747,991747
991748,991748
991749,991749
991750,991750
991751,991751
991752,991752
991753,991753
991754,991754
991755,991755
991756,991756
991757,991757
991758,991758
991759,991759
991760,991760
991761,991761
991762,991762
991763,991763
991764,991764
991765,991765
991766,991766
991767,991767
991768,991768
991769,991769
991770,991770
991771,991771
991772,991772
991773,991773
991774,991774
991775,991775
991776,991776
991777,991777
991778,991778
991779,991779
991780,991780
991781,991781
991782,991782
991783,991783
991784,991784
991785,991785
991786,991786
991787,991787
991788,991788
991789,991789
991790,991790
991791,991791
991792,991792
991793,991793
991794,991794
991795,991795
991796,991796
991797,991797
991798,991798
991799,991799
991800,991800
991801,991801
991802,991802
991803,991803
991804,991804
991805,991805
991806,991806
991807,991807
991808,991808
991809,991809
991810,991810
991811,991811
991812,991812
991813,991813
991814,991814
991815,991815
991816,991816
991817,991817
991818,991818
991819,991819
991820,991820
991821,991821
991822,991822
991823,991823
991824,991824
991825,991825
991826,991826
991827,991827
991828,991828
991829,991829
991830,991830
991831,991831
991832,991832
991833,991833
991834,991834
991835,991835
991836,991836
991837,991837
991838,991838
991839,991839
991840,991840
991841,991841
991842,991842
991843,991843
991844,991844
991845,991845
991846,991846
991847,991847
991848,991848
991849,991849
991850,991850
991851,991851
991852,991852
991853,991853
991854,991854
991855,991855
991856,991856
991857,991857
991858,991858
991859,991859
991860,991860
991861,991861
991862,991862
991863,991863
991864,991864
991865,991865
991866,991866
991867,991867
991868,991868
991869,991869
991870,991870
991871,991871
991872,991872
991873,991873
991874,991874
991875,991875
991876,991876
991877,991877
991878,991878
991879,991879
991880,991880
991881,991881
991882,991882
991883,991883
991884,991884
991885,991885
991886,991886
991887,991887
991888,991888
991889,991889
991890,991890
991891,991891
991892,991892
991893,991893
991894,991894
991895,991895
991896,991896
991897,991897
991898,991898
991899,991899
991900,991900
991901,991901
991902,991902
991903,991903
991904,991904
991905,991905
991906,991906
991907,991907
991908,991908
991909,991909
991910,991910
991911,991911
991912,991912
991913,991913
991914,991914
991915,991915
991916,991916
991917,991917
991918,991918
991919,991919
991920,991920
991921,991921
991922,991922
991923,991923
991924,991924
991925,991925
991926,991926
991927,991927
991928,991928
991929,991929
991930,991930
991931,991931
991932,991932
991933,991933
991934,991934
991935,991935
991936,991936
991937,991937
991938,991938
991939,991939
991940,991940
991941,991941
991942,991942
991943,991943
991944,991944
991945,991945
991946,991946
991947,991947
991948,991948
991949,991949
991950,991950
991951,991951
991952,991952
991953,991953
991954,991954
991955,991955
991956,991956
991957,991957
991958,991958
991959,991959
991960,991960
991961,991961
991962,991962
991963,991963
991964,991964
991965,991965
991966,991966
991967,991967
991968,991968
991969,991969
991970,991970
991971,991971
991972,991972
991973,991973
991974,991974
991975,991975
991976,991976
991977,991977
991978,991978
991979,991979
991980,991980
991981,991981
991982,991982
991983,991983
991984,991984
991985,991985
991986,991986
991987,991987
991988,991988
991989,991989
991990,991990
991991,991991
991992,991992
991993,991993
991994,991994
991995,991995
991996,991996
991997,991997
991998,991998
991999,991999
992000,992000
992001,992001
992002,992002
992003,992003
992004,992004
992005,992005
992006,992006
992007,992007
992008,992008
992009,992009
992010,992010
992011,992011
992012,992012
992013,992013
992014,992014
992015,992015
992016,992016
992017,992017
992018,992018
992019,992019
992020,992020
992021,992021
992022,992022
992023,992023
992024,992024
992025,992025
992026,992026
992027,992027
992028,992028
992029,992029
992030,992030
992031,992031
992032,992032
992033,992033
992034,992034
992035,992035
992036,992036
992037,992037
992038,992038
992039,992039
992040,992040
992041,992041
992042,992042
992043,992043
992044,992044
992045,992045
992046,992046
992047,992047
992048,992048
992049,992049
992050,992050
992051,992051
992052,992052
992053,992053
992054,992054
992055,992055
992056,992056
992057,992057
992058,992058
992059,992059
992060,992060
992061,992061
992062,992062
992063,992063
992064,992064
992065,992065
992066,992066
992067,992067
992068,992068
992069,992069
992070,992070
992071,992071
992072,992072
992073,992073
992074,992074
992075,992075
992076,992076
992077,992077
992078,992078
992079,992079
992080,992080
992081,992081
992082,992082
992083,992083
992084,992084
992085,992085
992086,992086
992087,992087
992088,992088
992089,992089
992090,992090
992091,992091
992092,992092
992093,992093
992094,992094
992095,992095
992096,992096
992097,992097
992098,992098
992099,992099
992100,992100
992101,992101
992102,992102
992103,992103
992104,992104
992105,992105
992106,992106
992107,992107
992108,992108
992109,992109
992110,992110
992111,992111
992112,992112
992113,992113
992114,992114
992115,992115
992116,992116
992117,992117
992118,992118
992119,992119
992120,992120
992121,992121
992122,992122
992123,992123
992124,992124
992125,992125
992126,992126
992127,992127
992128,992128
992129,992129
992130,992130
992131,992131
992132,992132
992133,992133
992134,992134
992135,992135
992136,992136
992137,992137
992138,992138
992139,992139
992140,992140
992141,992141
992142,992142
992143,992143
992144,992144
992145,992145
992146,992146
992147,992147
992148,992148
992149,992149
992150,992150
992151,992151
992152,992152
992153,992153
992154,992154
992155,992155
992156,992156
992157,992157
992158,992158
992159,992159
992160,992160
992161,992161
992162,992162
992163,992163
992164,992164
992165,992165
992166,992166
992167,992167
992168,992168
992169,992169
992170,992170
992171,992171
992172,992172
992173,992173
992174,992174
992175,992175
992176,992176
992177,992177
992178,992178
992179,992179
992180,992180
992181,992181
992182,992182
992183,992183
992184,992184
992185,992185
992186,992186
992187,992187
992188,992188
992189,992189
992190,992190
992191,992191
992192,992192
992193,992193
992194,992194
992195,992195
992196,992196
992197,992197
992198,992198
992199,992199
992200,992200
992201,992201
992202,992202
992203,992203
992204,992204
992205,992205
992206,992206
992207,992207
992208,992208
992209,992209
992210,992210
992211,992211
992212,992212
992213,992213
992214,992214
992215,992215
992216,992216
992217,992217
992218,992218
992219,992219
992220,992220
992221,992221
992222,992222
992223,992223
992224,992224
992225,992225
992226,992226
992227,992227
992228,992228
992229,992229
992230,992230
992231,992231
992232,992232
992233,992233
992234,992234
992235,992235
992236,992236
992237,992237
992238,992238
992239,992239
992240,992240
992241,992241
992242,992242
992243,992243
992244,992244
992245,992245
992246,992246
992247,992247
992248,992248
992249,992249
992250,992250
992251,992251
992252,992252
992253,992253
992254,992254
992255,992255
992256,992256
992257,992257
992258,992258
992259,992259
992260,992260
992261,992261
992262,992262
992263,992263
992264,992264
992265,992265
992266,992266
992267,992267
992268,992268
992269,992269
992270,992270
992271,992271
992272,992272
992273,992273
992274,992274
992275,992275
992276,992276
992277,992277
992278,992278
992279,992279
992280,992280
992281,992281
992282,992282
992283,992283
992284,992284
992285,992285
992286,992286
992287,992287
992288,992288
992289,992289
992290,992290
992291,992291
992292,992292
992293,992293
992294,992294
992295,992295
992296,992296
992297,992297
992298,992298
992299,992299
992300,992300
992301,992301
992302,992302
992303,992303
992304,992304
992305,992305
992306,992306
992307,992307
992308,992308
992309,992309
992310,992310
992311,992311
992312,992312
992313,992313
992314,992314
992315,992315
992316,992316
992317,992317
992318,992318
992319,992319
992320,992320
992321,992321
992322,992322
992323,992323
992324,992324
992325,992325
992326,992326
992327,992327
992328,992328
992329,992329
992330,992330
992331,992331
992332,992332
992333,992333
992334,992334
992335,992335
992336,992336
992337,992337
992338,992338
992339,992339
992340,992340
992341,992341
992342,992342
992343,992343
992344,992344
992345,992345
992346,992346
992347,992347
992348,992348
992349,992349
992350,992350
992351,992351
992352,992352
992353,992353
992354,992354
992355,992355
992356,992356
992357,992357
992358,992358
992359,992359
992360,992360
992361,992361
992362,992362
992363,992363
992364,992364
992365,992365
992366,992366
992367,992367
992368,992368
992369,992369
992370,992370
992371,992371
992372,992372
992373,992373
992374,992374
992375,992375
992376,992376
992377,992377
992378,992378
992379,992379
992380,992380
992381,992381
992382,992382
992383,992383
992384,992384
992385,992385
992386,992386
992387,992387
992388,992388
992389,992389
992390,992390
992391,992391
992392,992392
992393,992393
992394,992394
992395,992395
992396,992396
992397,992397
992398,992398
992399,992399
992400,992400
992401,992401
992402,992402
992403,992403
992404,992404
992405,992405
992406,992406
992407,992407
992408,992408
992409,992409
992410,992410
992411,992411
992412,992412
992413,992413
992414,992414
992415,992415
992416,992416
992417,992417
992418,992418
992419,992419
992420,992420
992421,992421
992422,992422
992423,992423
992424,992424
992425,992425
992426,992426
992427,992427
992428,992428
992429,992429
992430,992430
992431,992431
992432,992432
992433,992433
992434,992434
992435,992435
992436,992436
992437,992437
992438,992438
992439,992439
992440,992440
992441,992441
992442,992442
992443,992443
992444,992444
992445,992445
992446,992446
992447,992447
992448,992448
992449,992449
992450,992450
992451,992451
992452,992452
992453,992453
992454,992454
992455,992455
992456,992456
992457,992457
992458,992458
992459,992459
992460,992460
992461,992461
992462,992462
992463,992463
992464,992464
992465,992465
992466,992466
992467,992467
992468,992468
992469,992469
992470,992470
992471,992471
992472,992472
992473,992473
992474,992474
992475,992475
992476,992476
992477,992477
992478,992478
992479,992479
992480,992480
992481,992481
992482,992482
992483,992483
992484,992484
992485,992485
992486,992486
992487,992487
992488,992488
992489,992489
992490,992490
992491,992491
992492,992492
992493,992493
992494,992494
992495,992495
992496,992496
992497,992497
992498,992498
992499,992499
992500,992500
992501,992501
992502,992502
992503,992503
992504,992504
992505,992505
992506,992506
992507,992507
992508,992508
992509,992509
992510,992510
992511,992511
992512,992512
992513,992513
992514,992514
992515,992515
992516,992516
992517,992517
992518,992518
992519,992519
992520,992520
992521,992521
992522,992522
992523,992523
992524,992524
992525,992525
992526,992526
992527,992527
992528,992528
992529,992529
992530,992530
992531,992531
992532,992532
992533,992533
992534,992534
992535,992535
992536,992536
992537,992537
992538,992538
992539,992539
992540,992540
992541,992541
992542,992542
992543,992543
992544,992544
992545,992545
992546,992546
992547,992547
992548,992548
992549,992549
992550,992550
992551,992551
992552,992552
992553,992553
992554,992554
992555,992555
992556,992556
992557,992557
992558,992558
992559,992559
992560,992560
992561,992561
992562,992562
992563,992563
992564,992564
992565,992565
992566,992566
992567,992567
992568,992568
992569,992569
992570,992570
992571,992571
992572,992572
992573,992573
992574,992574
992575,992575
992576,992576
992577,992577
992578,992578
992579,992579
992580,992580
992581,992581
992582,992582
992583,992583
992584,992584
992585,992585
992586,992586
992587,992587
992588,992588
992589,992589
992590,992590
992591,992591
992592,992592
992593,992593
992594,992594
992595,992595
992596,992596
992597,992597
992598,992598
992599,992599
992600,992600
992601,992601
992602,992602
992603,992603
992604,992604
992605,992605
992606,992606
992607,992607
992608,992608
992609,992609
992610,992610
992611,992611
992612,992612
992613,992613
992614,992614
992615,992615
992616,992616
992617,992617
992618,992618
992619,992619
992620,992620
992621,992621
992622,992622
992623,992623
992624,992624
992625,992625
992626,992626
992627,992627
992628,992628
992629,992629
992630,992630
992631,992631
992632,992632
992633,992633
992634,992634
992635,992635
992636,992636
992637,992637
992638,992638
992639,992639
992640,992640
992641,992641
992642,992642
992643,992643
992644,992644
992645,992645
992646,992646
992647,992647
992648,992648
992649,992649
992650,992650
992651,992651
992652,992652
992653,992653
992654,992654
992655,992655
992656,992656
992657,992657
992658,992658
992659,992659
992660,992660
992661,992661
992662,992662
992663,992663
992664,992664
992665,992665
992666,992666
992667,992667
992668,992668
992669,992669
992670,992670
992671,992671
992672,992672
992673,992673
992674,992674
992675,992675
992676,992676
992677,992677
992678,992678
992679,992679
992680,992680
992681,992681
992682,992682
992683,992683
992684,992684
992685,992685
992686,992686
992687,992687
992688,992688
992689,992689
992690,992690
992691,992691
992692,992692
992693,992693
992694,992694
992695,992695
992696,992696
992697,992697
992698,992698
992699,992699
992700,992700
992701,992701
992702,992702
992703,992703
992704,992704
992705,992705
992706,992706
992707,992707
992708,992708
992709,992709
992710,992710
992711,992711
992712,992712
992713,992713
992714,992714
992715,992715
992716,992716
992717,992717
992718,992718
992719,992719
992720,992720
992721,992721
992722,992722
992723,992723
992724,992724
992725,992725
992726,992726
992727,992727
992728,992728
992729,992729
992730,992730
992731,992731
992732,992732
992733,992733
992734,992734
992735,992735
992736,992736
992737,992737
992738,992738
992739,992739
992740,992740
992741,992741
992742,992742
992743,992743
992744,992744
992745,992745
992746,992746
992747,992747
992748,992748
992749,992749
992750,992750
992751,992751
992752,992752
992753,992753
992754,992754
992755,992755
992756,992756
992757,992757
992758,992758
992759,992759
992760,992760
992761,992761
992762,992762
992763,992763
992764,992764
992765,992765
992766,992766
992767,992767
992768,992768
992769,992769
992770,992770
992771,992771
992772,992772
992773,992773
992774,992774
992775,992775
992776,992776
992777,992777
992778,992778
992779,992779
992780,992780
992781,992781
992782,992782
992783,992783
992784,992784
992785,992785
992786,992786
992787,992787
992788,992788
992789,992789
992790,992790
992791,992791
992792,992792
992793,992793
992794,992794
992795,992795
992796,992796
992797,992797
992798,992798
992800,992800
992801,992801
992802,992802
992803,992803
992804,992804
992805,992805
992806,992806
992807,992807
992808,992808
992809,992809
992810,992810
992811,992811
992812,992812
992813,992813
992814,992814
992815,992815
992816,992816
992817,992817
992818,992818
992819,992819
992820,992820
992821,992821
992822,992822
992823,992823
992824,992824
992825,992825
992826,992826
992827,992827
992828,992828
992829,992829
992830,992830
992831,992831
992832,992832
992833,992833
992834,992834
992835,992835
992836,992836
992837,992837
992838,992838
992839,992839
992840,992840
992841,992841
992842,992842
992843,992843
992844,992844
992845,992845
992846,992846
992847,992847
992848,992848
992849,992849
992850,992850
992851,992851
992852,992852
992853,992853
992854,992854
992855,992855
992856,992856
992857,992857
992858,992858
992859,992859
992860,992860
992861,992861
992862,992862
992863,992863
992864,992864
992865,992865
992866,992866
992867,992867
992868,992868
992869,992869
992870,992870
992871,992871
992872,992872
992873,992873
992874,992874
992875,992875
992876,992876
992877,992877
992878,992878
992879,992879
992880,992880
992881,992881
992882,992882
992883,992883
992884,992884
992885,992885
992886,992886
992887,992887
992888,992888
992889,992889
992890,992890
992891,992891
992892,992892
992893,992893
992894,992894
992895,992895
992896,992896
992897,992897
992898,992898
992899,992899
992900,992900
992901,992901
992902,992902
992903,992903
992904,992904
992905,992905
992906,992906
992907,992907
992908,992908
992909,992909
992910,992910
992911,992911
992912,992912
992913,992913
992914,992914
992915,992915
992916,992916
992917,992917
992918,992918
992919,992919
992920,992920
992921,992921
992922,992922
992923,992923
992924,992924
992925,992925
992926,992926
992927,992927
992928,992928
992929,992929
992930,992930
992931,992931
992932,992932
992933,992933
992934,992934
992935,992935
992936,992936
992937,992937
992938,992938
992939,992939
992940,992940
992941,992941
992942,992942
992943,992943
992944,992944
992945,992945
992946,992946
992947,992947
992948,992948
992949,992949
992950,992950
992951,992951
992952,992952
992953,992953
992954,992954
992955,992955
992956,992956
992957,992957
992958,992958
992959,992959
992960,992960
992961,992961
992962,992962
992963,992963
992964,992964
992965,992965
992966,992966
992967,992967
992968,992968
992969,992969
992970,992970
992971,992971
992972,992972
992973,992973
992974,992974
992975,992975
992976,992976
992977,992977
992978,992978
992979,992979
992980,992980
992981,992981
992982,992982
992983,992983
992984,992984
992985,992985
992986,992986
992987,992987
992988,992988
992989,992989
992990,992990
992991,992991
992992,992992
992993,992993
992994,992994
992995,992995
992996,992996
992997,992997
992998,992998
992999,992999
993000,993000
993001,993001
993002,993002
993003,993003
993004,993004
993005,993005
993006,993006
993007,993007
993008,993008
993009,993009
993010,993010
993011,993011
993012,993012
993013,993013
993014,993014
993015,993015
993016,993016
993017,993017
993018,993018
993019,993019
993020,993020
993021,993021
993022,993022
993023,993023
993024,993024
993025,993025
993026,993026
993027,993027
993028,993028
993029,993029
993030,993030
993031,993031
993032,993032
993033,993033
993034,993034
993035,993035
993036,993036
993037,993037
993038,993038
993039,993039
993041,993041
993042,993042
