"f_Witness_id","i_incident_id"
1,1
2,2
3,3
4,4
6,6
7,7
8,8
9,9
10,10
11,11
12,12
13,13
14,14
15,15
16,16
17,17
18,18
19,19
20,20
21,21
22,22
23,23
24,24
25,25
26,26
27,27
28,28
29,29
30,30
31,31
32,32
33,33
34,34
35,35
36,36
37,37
38,38
39,39
40,40
41,41
42,42
43,43
44,44
45,45
46,46
47,47
48,48
49,49
50,50
51,51
52,52
53,53
54,54
55,55
56,56
57,57
58,58
59,59
60,60
61,61
62,62
63,63
64,64
65,65
66,66
67,67
68,68
69,69
70,70
72,72
73,73
74,74
75,75
76,76
77,77
78,78
79,79
80,80
81,81
82,82
83,83
84,84
85,85
86,86
87,87
88,88
89,89
90,90
91,91
92,92
93,93
94,94
95,95
96,96
97,97
98,98
99,99
100,100
101,101
102,102
103,103
104,104
105,105
106,106
107,107
108,108
109,109
110,110
111,111
112,112
113,113
114,114
115,115
116,116
117,117
118,118
119,119
120,120
121,121
122,122
123,123
124,124
125,125
126,126
127,127
128,128
129,129
130,130
131,131
132,132
133,133
134,134
135,135
136,136
137,137
138,138
139,139
140,140
141,141
142,142
143,143
144,144
145,145
146,146
147,147
148,148
149,149
150,150
151,151
152,152
153,153
154,154
155,155
156,156
157,157
158,158
159,159
160,160
161,161
162,162
163,163
164,164
165,165
166,166
167,167
168,168
169,169
170,170
171,171
172,172
173,173
174,174
175,175
176,176
177,177
178,178
179,179
180,180
181,181
182,182
183,183
184,184
185,185
186,186
187,187
188,188
189,189
190,190
191,191
192,192
193,193
194,194
195,195
196,196
197,197
198,198
199,199
200,200
201,201
202,202
203,203
204,204
205,205
206,206
207,207
208,208
209,209
210,210
211,211
212,212
213,213
214,214
215,215
216,216
217,217
218,218
219,219
220,220
221,221
222,222
223,223
224,224
225,225
226,226
227,227
228,228
229,229
230,230
231,231
232,232
233,233
234,234
235,235
236,236
237,237
238,238
239,239
240,240
241,241
242,242
243,243
244,244
245,245
246,246
247,247
248,248
249,249
250,250
251,251
252,252
253,253
254,254
255,255
256,256
257,257
258,258
259,259
260,260
261,261
262,262
263,263
264,264
265,265
266,266
267,267
268,268
269,269
270,270
271,271
272,272
273,273
274,274
275,275
276,276
277,277
278,278
279,279
280,280
281,281
282,282
283,283
284,284
285,285
286,286
287,287
288,288
289,289
290,290
291,291
292,292
293,293
294,294
295,295
296,296
297,297
298,298
299,299
300,300
301,301
302,302
303,303
304,304
305,305
306,306
307,307
308,308
309,309
310,310
311,311
312,312
313,313
314,314
315,315
316,316
317,317
318,318
319,319
320,320
321,321
322,322
323,323
324,324
325,325
326,326
327,327
328,328
329,329
330,330
331,331
332,332
333,333
334,334
335,335
336,336
337,337
338,338
339,339
340,340
341,341
342,342
343,343
344,344
345,345
346,346
347,347
348,348
349,349
350,350
351,351
352,352
353,353
354,354
355,355
356,356
357,357
358,358
359,359
360,360
361,361
362,362
363,363
364,364
365,365
366,366
367,367
368,368
369,369
370,370
371,371
372,372
373,373
374,374
375,375
376,376
377,377
378,378
379,379
380,380
381,381
382,382
383,383
384,384
385,385
386,386
387,387
388,388
389,389
390,390
391,391
392,392
393,393
394,394
395,395
396,396
397,397
398,398
399,399
400,400
401,401
403,403
404,404
405,405
406,406
407,407
408,408
409,409
410,410
411,411
412,412
413,413
414,414
415,415
416,416
417,417
418,418
419,419
420,420
421,421
422,422
423,423
424,424
425,425
426,426
427,427
428,428
429,429
430,430
431,431
432,432
433,433
434,434
435,435
436,436
437,437
438,438
439,439
440,440
441,441
442,442
443,443
444,444
445,445
446,446
447,447
448,448
450,450
451,451
452,452
453,453
454,454
455,455
456,456
457,457
458,458
459,459
460,460
461,461
462,462
463,463
464,464
465,465
466,466
467,467
468,468
469,469
470,470
471,471
472,472
473,473
474,474
475,475
476,476
477,477
478,478
479,479
480,480
481,481
482,482
483,483
484,484
485,485
486,486
487,487
488,488
489,489
490,490
491,491
492,492
493,493
494,494
495,495
496,496
497,497
498,498
499,499
500,500
501,501
502,502
100001,1000001
100002,1000002
100003,1000122
100004,1000003
100005,1000004
100006,1000005
100007,1000007
100008,1000008
100009,1000008
100010,1000009
100011,1000009
100012,1000006
100013,1000010
100014,1000011
100015,1000012
100016,1000014
100017,1000015
100018,1000016
100019,1000017
100019,1000018
100020,1000017
100020,1000018
100021,1000019
100022,1000020
100023,1000021
100024,1000022
100025,1000023
100026,1000024
100027,1000025
100028,1000026
100029,1000027
100030,1000028
100031,1000029
100032,1000030
100033,1000031
100034,1000032
100035,1000033
100036,1000034
100037,1000013
100038,1000013
100039,1000013
100040,1000035
100041,1000036
100042,1000037
100043,1000038
100044,1000039
100045,1000040
100046,1000041
100047,1000042
100048,1000043
100049,1000044
100050,1000045
100051,1000046
100052,1000047
100053,1000048
100054,1000049
100055,1000050
100056,1000051
100057,1000052
100057,1000053
100058,1000054
100059,1000055
100060,1000056
100061,1000057
100062,1000058
100063,1000059
100064,1000060
100065,1000061
100066,1000062
100067,1000063
100068,1000064
100069,1000065
100070,1000066
100071,1000067
100072,1000068
100073,1000069
100074,1000070
100075,1000071
100076,1000072
100077,1000073
100078,1000075
100079,1000076
100080,1000077
100081,1000078
100082,1000079
100083,1000080
100084,1000081
100085,1000082
100086,1000083
100087,1000084
100088,1000085
100089,1000086
100090,1000087
100091,1000088
100092,1000089
100093,1000090
100094,1000091
100095,1000092
100096,1000093
100097,1000094
100098,1000095
100099,1000096
100100,1000097
100101,1000098
100102,1000099
100103,1000100
100104,1000101
100105,1000102
100106,1000103
100107,1000104
100108,1000105
100109,1000106
100110,1000107
100111,1000108
100112,1000109
100113,1000110
100114,1000112
100115,1000113
100116,1000114
100117,1000115
100118,1000116
100120,1000117
100121,1000118
100122,1000119
100123,1000120
100124,1000121
100125,1000129
100126,1000130
100127,1000131
100128,1000132
100129,1000134
100130,1000135
100131,1000136
100132,1000138
100133,1000139
100134,1000140
100135,1000141
100136,1000142
100137,1000143
100138,1000145
100139,1000147
100140,1000148
100140,1000149
100141,1000150
100142,1000153
100143,1000154
100144,1000155
100145,1000157
100146,1000158
100147,1000159
100148,1000160
100149,1000161
100150,1000162
100151,1000163
100152,1000164
100153,1000165
100154,1000166
100155,1000167
100156,1000170
100157,1000171
100158,1000172
100159,1000173
100160,1000174
100161,1000175
100162,1000176
100163,1000177
100164,1000178
100165,1000179
100166,1000180
100167,1000181
100168,1000182
100169,1000183
100170,1000184
100171,1000185
100172,1000187
100173,1000188
100174,1000190
100174,1000191
100175,1000192
100176,1000193
100177,1000194
100178,1000196
100179,1000197
100180,1000198
100181,1000199
100182,1000200
100183,1000201
100184,1000202
100185,1000203
100186,1000204
100187,1000205
100188,1000206
100189,1000207
100190,1000208
100191,1000209
100192,1000210
100193,1000210
100194,1000211
100195,1000212
100196,1000213
100197,1000215
100198,1000216
100199,1000217
100200,1000218
100201,1000219
100202,1000220
100203,1000221
100204,1000222
100205,1000223
100206,1000224
100207,1000225
100208,1000226
100209,1000227
100210,1000228
100211,1000229
100212,1000230
100213,1000231
100214,1000232
100215,1000233
100216,1000234
100217,1000235
100218,1000238
100219,1000239
100220,1000240
100221,1000241
100222,1000242
100223,1000243
100224,1000244
100225,1000245
100226,1000246
100227,1000247
100228,1000248
100229,1000249
100230,1000250
100231,1000251
100232,1000252
100233,1000253
100234,1000254
100235,1000255
100236,1000256
100237,1000257
100238,1000258
100239,1000259
100240,1000260
100241,1000261
100242,1000262
100243,1000263
100244,1000264
100245,1000265
100246,1000266
100247,1000267
100248,1000268
100249,1000269
100250,1000270
100251,1000271
100252,1000272
100253,1000273
100254,1000274
100255,1000275
100256,1000276
100257,1000278
100258,1000279
100259,1000280
100260,1000281
100261,1000282
100262,1000283
100263,1000284
100264,1000285
100265,1000286
100266,1000287
100267,1000288
100268,1000289
100269,1000290
100270,1000291
100271,1000292
100272,1000293
100273,1000293
100273,1000295
100274,1000294
100275,1000295
100276,1000296
100277,1000297
100278,1000298
100279,1000299
100280,1000300
100281,1000301
100282,1000302
100283,1000303
100284,1000304
100285,1000305
100286,1000306
100287,1000307
100288,1000308
100289,1000309
100290,1000310
100291,1000311
100292,1000312
100293,1000313
100294,1000314
100295,1000315
100296,1000316
100297,1000317
100298,1000318
100299,1000319
100300,1000320
100301,1000321
100302,1000322
100303,1000323
100304,1000324
100305,1000325
100306,1000326
100307,1000327
100308,1000328
100309,1000329
100310,1000330
100311,1000331
100312,1000332
100313,1000333
100314,1000334
100315,1000335
100316,1000336
100317,1000337
100318,1000338
100319,1000339
100319,1000340
100320,1000339
100320,1000340
100321,1000341
100322,1000342
100323,1000340
100324,1000343
100325,1000344
100326,1000345
100327,1000346
100328,1000347
100329,1000348
100330,1000349
100331,1000350
100332,1000351
100333,1000352
100334,1000353
100335,1000354
100336,1000355
100337,1000356
100338,1000357
100339,1000358
100340,1000359
100341,1000360
100342,1000361
100343,1000362
100344,1000363
100345,1000364
100346,1000365
100347,1000366
100348,1000367
100349,1000368
100350,1000368
100351,1000369
100352,1000370
100353,1000371
100354,1000372
100355,1000373
100356,1000374
100357,1000375
100358,1000376
100359,1000377
100360,1000378
100361,1000379
100362,1000380
100363,1000381
100364,1000382
100365,1000383
100366,1000384
100367,1000385
100368,1000386
100369,1000387
100370,1000388
100371,1000389
100372,1000390
100373,1000391
100374,1000392
100375,1000394
100376,1000393
100377,1000395
100378,1000396
100379,1000397
100380,1000398
100381,1000399
100381,1000400
100382,1000402
100383,1000403
100384,1000404
100385,1000410
100386,1000411
100387,1000412
100388,1000413
100389,1000414
100390,1000415
100391,1000416
100392,1000417
100393,1000418
100394,1000419
100395,1000420
100396,1000421
100397,1000422
100398,1000423
100399,1000425
100400,1000426
100401,1000427
100402,1000428
100403,1000424
100404,1000429
100405,1000430
100406,1000431
100407,1000432
100408,1000431
100408,1000433
100409,1000434
100410,1000435
100411,1000436
100411,1000437
100411,1000438
100412,1000439
100413,1000440
100414,1000441
100415,1000442
100416,1000443
100417,1000443
100418,1000444
100419,1000445
100420,1000446
100421,1000447
100422,1000448
100423,1000449
100424,1000450
100425,1000451
100426,1000452
100427,1000453
100428,1000454
100429,1000455
100430,1000456
100431,1000457
100432,1000458
100433,1000459
100434,1000460
100435,1000461
100436,1000462
100437,1000464
100438,1000467
100439,1000468
100440,1000469
100441,1000470
100442,1000471
100443,1000472
100444,1000473
100445,1000474
100445,1000475
100446,1000476
100447,1000477
100447,1000478
100448,1000479
100449,1000480
100450,1000481
100451,1000482
100452,1000483
100453,1000484
100454,1000485
100455,1000488
100456,1000489
100457,1000490
100458,1000491
100459,1000492
100460,1000493
100461,1000494
100462,1000495
100463,1000496
100464,1000497
100465,1000498
100466,1000499
100467,1000500
100468,1000501
100468,1000502
100469,1000503
100470,1000507
100471,1000509
100472,1000510
100473,1000511
100474,1000511
100475,1000512
100476,1000513
100477,1000514
100478,1000515
100479,1000516
100480,1000518
100481,1000519
100482,1000520
100483,1000521
100484,1000522
100485,1000523
100486,1000524
100487,1000525
100488,1000526
100489,1000527
100490,1000528
100491,1000529
100492,1000530
100493,1000532
100494,1000533
100495,1000534
100496,1000536
100497,1000537
100498,1000538
100499,1000539
100500,1000540
100501,1000542
100502,1000543
100503,1000544
100504,1000545
100505,1000546
100506,1000547
100507,1000548
100508,1000549
100509,1000550
100510,1000551
100511,1000552
100512,1000553
100513,1000554
100514,1000555
100515,1000556
100516,1000557
100517,1000558
100518,1000559
100519,1000560
100520,1000561
100521,1000562
100522,1000563
100523,1000564
100524,1000565
100525,1000566
100526,1000567
100527,1000568
100528,1000569
100529,1000570
100530,1000571
100531,1000572
100532,1000573
100533,1000574
100534,1000575
100535,1000576
100536,1000577
100537,1000578
100538,1000580
100539,1000581
100540,1000579
100541,1000582
100542,1000583
100543,1000585
100544,1000586
100545,1000587
100546,1000588
100547,1000589
100548,1000590
100549,1000591
100550,1000592
100551,1000594
100552,1000595
100553,1000596
100554,1000597
100555,1000598
100556,1000599
100557,1000600
100558,1000601
100559,1000602
100560,1000604
100560,1000605
100561,1000606
100562,1000607
100563,1000609
100564,1000610
100565,1000613
100566,1000614
100567,1000615
100568,1000616
100569,1000617
100570,1000618
100571,1000619
100572,1000620
100573,1000621
100574,1000622
100575,1000623
100576,1000624
100577,1000625
100578,1000626
100579,1000627
100580,1000628
100581,1000629
100582,1000630
100583,1000631
100584,1000632
100585,1000633
100586,1000634
100587,1000635
100588,1000636
100589,1000637
100590,1000638
100591,1000639
100592,1000640
100593,1000641
100594,1000642
100595,1000643
100596,1000644
100597,1000645
100598,1000646
100599,1000647
100600,1000648
100601,1000649
100602,1000650
100603,1000651
100604,1000652
100605,1000653
100606,1000654
100607,1000655
100608,1000656
100609,1000657
100610,1000658
100611,1000659
100612,1000660
100613,1000661
100614,1000663
100615,1000664
100616,1000665
100617,1000666
100618,1000668
100619,1000669
100620,1000670
100621,1000671
100622,1000675
100623,1000677
100624,1000676
100625,1000678
100626,1000679
100627,1000680
100628,1000681
100629,1000682
100630,1000683
100631,1000685
100632,1000686
100633,1000687
100634,1000688
100635,1000689
100636,1000690
100637,1000691
100638,1000692
100639,1000693
100640,1000694
100641,1000695
100642,1000696
100643,1000700
100644,1000701
100645,1000703
100646,1000704
100647,1000704
100648,1000705
100649,1000706
100650,1000707
100651,1000708
100652,1000710
100653,1000711
100654,1000712
100655,1000714
100656,1000715
100657,1000717
100658,1000718
100659,1000719
100660,1000720
100661,1000721
100662,1000722
100663,1000723
100664,1000724
100665,1000724
100665,1000725
100666,1000726
100667,1000728
100668,1000729
100669,1000729
100670,1000730
100671,1000731
100672,1000733
100673,1000734
100673,1000735
100674,1000736
100675,1000737
100676,1000738
100677,1000739
100678,1000740
100679,1000741
100680,1000742
100681,1000743
100682,1000744
100683,1000745
100684,1000746
100685,1000747
100686,1000748
100687,1000749
100688,1000750
100689,1000751
100690,1000752
100691,1000753
100692,1000754
100693,1000755
100694,1000756
100695,1000757
100696,1000758
100697,1000709
100698,1000759
100699,1000760
100700,1000761
100700,1000762
100701,1000763
100702,1000764
100703,1000765
100704,1000766
100705,1000767
100705,1000768
100706,1000769
100707,1000770
100708,1000771
100709,1000772
100710,1000773
100711,1000774
100712,1000775
100713,1000776
100714,1000777
100715,1000778
100716,1000779
100717,1000780
100718,1000781
100719,1000338
100720,1000782
100721,1000783
100722,1000784
100723,1000785
100724,1000786
100725,1000787
100726,1000788
100727,1000789
100728,1000790
100729,1000791
100730,1000794
100731,1000793
100732,1000792
100733,1000795
100734,1000796
100735,1000797
100736,1000798
100737,1000799
100738,1000800
100739,1000801
100740,1000802
100741,1000803
100742,1000804
100743,1000805
100744,1000806
100745,1000807
100746,1000808
100747,1000809
100748,1000810
100749,1000811
100750,1000812
100751,1000813
100752,1000814
100753,1000815
100754,1000816
100755,1000817
100756,1000818
100757,1000819
100758,1000820
100759,1000821
100760,1000822
100760,1000823
100761,1000824
100762,1000825
100763,1000827
100764,1000828
100765,1000829
100766,1000830
100767,1000831
100768,1000832
100769,1000833
100770,1000834
100771,1000835
100772,1000836
100773,1000837
100774,1000838
100775,1000839
100776,1000840
100777,1000841
100778,1000842
100779,1000843
100780,1000844
100781,1000845
100782,1000846
100783,1000847
100784,1000848
100785,1000849
100786,1000850
100787,1000851
100788,1000852
100789,1000853
100790,1000854
100791,1000855
100792,1000856
100793,1000857
100794,1000858
100795,1000859
100796,1000860
100797,1000861
100798,1000862
100799,1000863
100800,1000864
100801,1000865
100802,1000870
100803,1000871
100804,1000872
100805,1000873
100806,1000874
100807,1000875
100808,1000876
100809,1000877
100810,1000879
100811,1000880
100812,1000881
100813,1000882
100814,1000883
100815,1000884
100816,1000886
100817,1000887
100818,1000888
100819,1000890
100820,1000891
100821,1000892
100822,1000893
100823,1000894
100824,1000895
100825,1000896
100826,1000897
100827,1000898
100828,1000899
100829,1000900
100830,1000901
100831,1000902
100832,1000903
100833,1000904
100834,1000905
100835,1000906
100836,1000907
100837,1000908
100838,1000909
100839,1000910
100840,1000912
100841,1000913
100842,1000914
100843,1000915
100844,1000916
100845,1000917
100846,1000918
100847,1000920
100848,1000921
100849,1000922
100850,1000923
100851,1000924
100852,1000926
100853,1000927
100854,1000928
100855,1000929
100856,1000930
100857,1000931
100858,1000932
100859,1000935
100860,1000933
100861,1000936
100862,1000937
100863,1000937
100864,1000938
100865,1000939
100866,1000940
100867,1000941
100868,1000942
100869,1000944
100870,1000945
100871,1000946
100872,1000948
100873,1000949
100874,1000951
100875,1000950
100876,1000952
100877,1000953
100878,1000954
100879,1000955
100880,1000956
100881,1000958
100882,1000957
100883,1000959
100884,1000960
100885,1000961
100886,1000963
100887,1000964
100888,1000965
100889,1000966
100890,1000967
100891,1000968
100892,1000969
100893,1000970
100894,1000971
100895,1000972
100896,1000973
100897,1000974
100898,1000975
100899,1000976
100900,1000977
100901,1000978
100902,1000980
100903,1000981
100904,1000982
100905,1000983
100906,1000984
100907,1000985
100908,1000986
100909,1000987
100910,1000988
100911,1000989
100912,1000989
100913,1000990
100914,1000991
100915,1000992
100916,1000993
100917,1000994
100918,1000995
100919,1000996
100920,1000997
100921,1000998
100922,1000999
100923,1001000
100924,1001001
100925,1001003
100926,1001004
100927,1001005
100928,1001006
100929,1001007
100930,1001009
100931,1001010
100932,1001011
100933,1001012
100934,1001013
100935,1001014
100936,1001015
100937,1001016
100938,1001017
100939,1001018
100940,1001019
100941,1001020
100942,1001021
100943,1001022
100944,1001023
100945,1001024
100946,1001025
100947,1001026
100948,1001027
100949,1001028
100950,1001029
100951,1001030
100952,1001031
100953,1001032
100954,1001033
100955,1001033
100956,1001034
100957,1001035
100958,1001036
100959,1001037
100960,1001038
100961,1001039
100962,1001040
100963,1001041
100964,1001042
100965,1001043
100966,1001044
100967,1001045
100968,1001046
100969,1001047
100970,1001048
100971,1001049
100972,1001050
100973,1001051
100974,1001052
100975,1001053
100976,1001055
100977,1001057
100978,1001058
100979,1001059
100980,1001060
100981,1001061
100982,1001062
100983,1001063
100984,1001064
100985,1001065
100986,1001066
100987,1001067
100988,1001068
100989,1001069
100990,1001070
100991,1001071
100992,1001072
100993,1001073
100994,1001074
100995,1001074
100996,1001075
100997,1001076
100998,1001077
100999,1001079
101000,1001080
101001,1001081
101001,1001082
101002,1001083
101003,1001084
101004,1001085
101005,1001086
101006,1001087
101007,1001088
101008,1001089
101009,1001090
101010,1001091
101011,1001092
101012,1001093
101013,1001094
101014,1001095
101015,1001096
101016,1001097
101017,1001098
101018,1001099
101019,1001100
101020,1001101
101021,1001103
101022,1001104
101023,1001105
101024,1001106
101024,1001108
101025,1001107
101026,1001109
101027,1001110
101028,1001111
101029,1001112
101030,1001113
101031,1001114
101032,1001115
101033,1001116
101034,1001117
101035,1001118
101036,1001119
101037,1001120
101038,1001121
101039,1001122
101040,1001123
101041,1001124
101042,1001125
101043,1001125
101044,1001126
101045,1001127
101046,1001128
101047,1001130
101048,1001131
101049,1001129
101050,1001132
101051,1001134
101052,1001133
101053,1001135
101054,1001136
101055,1001137
101056,1001138
101057,1001139
101058,1001140
101059,1001141
101060,1001142
101061,1001143
101062,1001144
101063,1001145
101064,1001146
101065,1001147
101066,1001149
101067,1001150
101068,1001151
101069,1001152
101070,1001153
101071,1001155
101072,1001156
101073,1001159
101074,1001160
101075,1001161
101076,1001162
101077,1001163
101078,1001164
101079,1001165
101080,1001166
101081,1001167
101082,1001168
101083,1001169
101084,1001170
101085,1001171
101086,1001172
101087,1001173
101088,1001174
101089,1001175
101090,1001176
101091,1001177
101092,1001178
101093,1001179
101094,1001180
101095,1001181
101096,1001182
101097,1001182
101098,1001182
101099,1001183
101100,1001184
101101,1001185
101101,1001186
101101,1001205
101102,1001187
101103,1001188
101104,1001189
101105,1001189
101106,1001190
101107,1001191
101108,1001193
101109,1001194
101110,1001195
101111,1001195
101112,1001196
101113,1001197
101114,1001198
101115,1001199
101116,1001200
101117,1001201
101118,1001202
101119,1001203
101120,1001204
101121,1001206
101122,1001207
101123,1001208
101124,1001209
101125,1001210
101126,1001211
101127,1001212
101128,1001213
101129,1001214
101130,1001215
101131,1001216
101132,1001217
101133,1001218
101134,1001219
101135,1001220
101136,1001221
101137,1001222
101138,1001223
101139,1001225
101140,1001226
101141,1001227
101142,1001227
101143,1001227
101144,1001228
101145,1001229
101146,1001230
101147,1001231
101148,1001232
101149,1001233
101150,1001234
101151,1001235
101152,1001236
101153,1001237
101154,1001238
101155,1001239
101156,1001240
101157,1001241
101158,1001242
101159,1001243
101160,1001244
101161,1001245
101162,1001246
101163,1001246
101164,1001247
101165,1001248
101166,1001249
101167,1001250
101168,1001251
101169,1001252
101170,1001254
101171,1001255
101172,1001256
101173,1001257
101174,1001258
101175,1001259
101176,1001260
101177,1001261
101178,1001262
101179,1001263
101180,1001264
101181,1001265
101182,1001266
101183,1001267
101184,1001268
101185,1001269
101186,1001270
101187,1001271
101188,1001272
101189,1001273
101190,1001274
101191,1001275
101192,1001276
101193,1001277
101195,1001278
101196,1001279
101197,1001281
101198,1001282
101199,1001282
101200,1001283
101201,1001284
101202,1001285
101203,1001286
101204,1001287
101205,1001288
101206,1001289
101207,1001290
101208,1001291
101209,1001292
101210,1001293
101211,1001294
101212,1001295
101213,1001296
101214,1001297
101215,1001298
101216,1001299
101217,1001299
101218,1001300
101219,1001301
101220,1001302
101221,1001303
101222,1001304
101223,1001305
101224,1001306
101225,1001307
101226,1001308
101227,1001309
101228,1001310
101229,1001311
101230,1001312
101231,1001313
101232,1001314
101233,1001315
101234,1001316
101235,1001317
101236,1001318
101237,1001319
101238,1001320
101239,1001321
101240,1001322
101241,1001323
101242,1001324
101243,1001325
101244,1001326
101245,1001328
101246,1001327
101247,1000074
101248,1000126
101249,1000128
101250,1000133
101251,1000144
101252,1000146
101253,1000152
101254,1000156
101255,1000186
101256,1000487
101257,1000463
101258,1000531
101259,1000541
101260,1000611
101261,1000727
101262,1000911
101263,1000979
101264,1001054
101265,1001148
101266,1000535
101267,1000407
101268,1000608
101269,1000716
101270,1001329
101271,1001330
101272,1001331
101273,1001332
101274,1001333
101275,1001334
101276,1001335
101277,1001336
101278,1001337
101279,1001338
101280,1001339
101281,1001340
101282,1001341
101283,1001342
101284,1001343
101285,1001344
101286,1001345
101287,1001346
101288,1001347
101289,1001348
101290,1001349
101291,1001350
101292,1001351
101293,1001352
101294,1001353
101295,1001354
101296,1001355
101297,1001356
101298,1001357
101299,1001358
101300,1001360
101301,1001359
101302,1001361
101303,1001362
101304,1001363
101305,1001364
101306,1001366
101307,1001367
101308,1001368
101309,1001369
101310,1001270
101311,1001371
101312,1001372
101313,1001373
101314,1001374
101315,1001375
101316,1001376
101317,1001377
101318,1001378
101319,1001379
101320,1001380
101321,1001381
101322,1001382
101323,1001383
101324,1001365
101325,1001384
101326,1001385
101327,1001386
101328,1001387
101329,1001388
101330,1001389
101331,1000505
101332,1001390
101333,1001391
101334,1001392
101335,1001393
101335,1001394
101335,1001395
101336,1001396
101337,1001397
101338,1001398
101339,1001400
101340,1001401
101341,1001402
101342,1001403
101343,1001404
101344,1001405
101345,1001406
101346,1001407
101347,1001408
101348,1001408
101349,1001410
101350,1001411
101351,1001412
101352,1001413
101353,1001414
101354,1001415
101355,1001416
101356,1001417
101357,1001418
101358,1001419
101359,1001420
101360,1001421
101361,1001422
101362,1001424
101363,1001394
101364,1001425
101365,1001426
101366,1001427
101367,1001464
101368,1001429
101369,1001430
101370,1001431
101371,1001432
101371,1001433
101372,1001434
101373,1001435
101374,1001436
101375,1001437
101376,1001438
101377,1001439
101378,1001440
101379,1001442
101380,1001443
101381,1001444
101381,1001445
101382,1001446
101383,1001448
101384,1001449
101385,1001450
101386,1001451
101387,1001452
101388,1001453
101389,1001454
101390,1001455
101391,1001456
101392,1001457
101393,1001458
101394,1001459
101395,1001460
101396,1001462
101397,1001463
101398,1001428
101399,1001465
101400,1001466
101401,1001467
101402,1001468
101403,1001469
101404,1001470
101405,1001471
101406,1001472
101407,1001473
101408,1001474
101409,1001475
101410,1001476
101411,1001477
101412,1001478
101413,1001479
101414,1001480
101415,1001481
101416,1001482
101417,1001483
101418,1001484
101419,1001485
101420,1001486
101421,1001487
101422,1001488
101423,1001489
101424,1001490
101425,1001491
101426,1001492
101427,1001493
101428,1001494
101429,1001495
101430,1001496
101431,1001497
101432,1001498
101433,1001499
101434,1001500
101435,1001501
101436,1001502
101437,1001503
101438,1001503
101439,1001504
101440,1001505
101441,1000835
101442,1001506
101443,1001507
101444,1001508
101445,1001509
101446,1001510
101447,1001511
101448,1001512
101449,1001513
101450,1001514
101451,1001515
101452,1001516
101453,1001517
101454,1001518
101455,1001519
101456,1001520
101457,1001521
101458,1001522
101459,1001523
101460,1001524
101461,1001525
101462,1001526
101463,1001527
101464,1001528
101465,1001529
101466,1001530
101467,1001531
101468,1001531
991002,991002
991003,991003
991004,991004
991005,991005
991006,991006
991007,991007
991008,991008
991009,991009
991010,991010
991011,991011
991012,991012
991013,991013
991014,991014
991015,991015
991016,991016
991017,991017
991018,991018
991019,991019
991020,991020
991021,991021
991022,991022
991023,991023
991024,991024
991025,991025
991026,991026
991027,991027
991028,991028
991029,991029
991030,991030
991031,991031
991032,991032
991033,991033
991034,991034
991035,991035
991036,991036
991037,991037
991038,991038
991039,991039
991040,991040
991041,991041
991042,991042
991043,991043
991044,991044
991045,991045
991046,991046
991047,991047
991048,991048
991049,991049
991050,991050
991051,991051
991052,991052
991053,991053
991054,991054
991055,991055
991056,991056
991057,991057
991058,991058
991059,991059
991060,991060
991061,991061
991062,991062
991063,991063
991064,991064
991065,991065
991066,991066
991067,991067
991068,991068
991069,991069
991070,991070
991071,991071
991072,991072
991073,991073
991074,991074
991075,991075
991076,991076
991077,991077
991078,991078
991079,991079
991080,991080
991081,991081
991082,991082
991083,991083
991084,991084
991085,991085
991086,991086
991087,991087
991088,991088
991089,991089
991090,991090
991091,991091
991092,991092
991093,991093
991094,991094
991095,991095
991096,991096
991097,991097
991098,991098
991099,991099
991100,991100
991101,991101
991102,991102
991103,991103
991104,991104
991105,991105
991106,991106
991107,991107
991108,991108
991109,991109
991110,991110
991111,991111
991112,991112
991113,991113
991114,991114
991115,991115
991116,991116
991117,991117
991118,991118
991119,991119
991120,991120
991121,991121
991122,991122
991123,991123
991124,991124
991125,991125
991126,991126
991127,991127
991128,991128
991129,991129
991130,991130
991131,991131
991132,991132
991133,991133
991134,991134
991135,991135
991136,991136
991137,991137
991138,991138
991139,991139
991140,991140
991141,991141
991142,991142
991143,991143
991144,991144
991145,991145
991146,991146
991147,991147
991148,991148
991149,991149
991150,991150
991151,991151
991152,991152
991153,991153
991154,991154
991155,991155
991156,991156
991157,991157
991158,991158
991159,991159
991160,991160
991161,991161
991162,991162
991163,991163
991164,991164
991165,991165
991166,991166
991167,991167
991168,991168
991169,991169
991170,991170
991171,991171
991172,991172
991173,991173
991174,991174
991175,991175
991176,991176
991177,991177
991178,991178
991179,991179
991180,991180
991181,991181
991182,991182
991183,991183
991184,991184
991185,991185
991186,991186
991187,991187
991188,991188
991189,991189
991190,991190
991191,991191
991192,991192
991193,991193
991194,991194
991195,991195
991196,991196
991197,991197
991198,991198
991199,991199
991200,991200
991201,991201
991202,991202
991203,991203
991204,991204
991205,991205
991206,991206
991207,991207
991208,991208
991209,991209
991210,991210
991211,991211
991212,991212
991213,991213
991214,991214
991215,991215
991216,991216
991217,991217
991218,991218
991219,991219
991220,991220
991221,991221
991222,991222
991223,991223
991224,991224
991225,991225
991226,991226
991227,991227
991228,991228
991229,991229
991230,991230
991231,991231
991232,991232
991233,991233
991234,991234
991235,991235
991236,991236
991237,991237
991238,991238
991239,991239
991240,991240
991241,991241
991242,991242
991243,991243
991244,991244
991245,991245
991246,991246
991247,991247
991248,991248
991249,991249
991250,991250
991251,991251
991252,991252
991253,991253
991254,991254
991255,991255
991256,991256
991257,991257
991258,991258
991259,991259
991260,991260
991261,991261
991262,991262
991263,991263
991264,991264
991265,991265
991266,991266
991267,991267
991268,991268
991269,991269
991270,991270
991271,991271
991272,991272
991273,991273
991274,991274
991275,991275
991276,991276
991277,991277
991278,991278
991279,991279
991280,991280
991281,991281
991282,991282
991283,991283
991284,991284
991285,991285
991286,991286
991287,991287
991288,991288
991289,991289
991290,991290
991291,991291
991292,991292
991293,991293
991294,991294
991295,991295
991296,991296
991297,991297
991298,991298
991299,991299
991300,991300
991301,991301
991302,991302
991303,991303
991304,991304
991305,991305
991306,991306
991307,991307
991308,991308
991309,991309
991310,991310
991311,991311
991312,991312
991313,991313
991314,991314
991315,991315
991316,991316
991317,991317
991318,991318
991319,991319
991320,991320
991321,991321
991322,991322
991323,991323
991324,991324
991325,991325
991326,991326
991327,991327
991328,991328
991329,991329
991330,991330
991331,991331
991332,991332
991333,991333
991334,991334
991335,991335
991336,991336
991337,991337
991338,991338
991339,991339
991340,991340
991341,991341
991342,991342
991343,991343
991344,991344
991345,991345
991346,991346
991347,991347
991348,991348
991349,991349
991350,991350
991351,991351
991352,991352
991353,991353
991354,991354
991355,991355
991356,991356
991357,991357
991358,991358
991359,991359
991360,991360
991361,991361
991362,991362
991363,991363
991364,991364
991365,991365
991366,991366
991367,991367
991368,991368
991369,991369
991370,991370
991371,991371
991372,991372
991373,991373
991374,991374
991375,991375
991376,991376
991377,991377
991378,991378
991379,991379
991380,991380
991381,991381
991382,991382
991383,991383
991384,991384
991385,991385
991386,991386
991387,991387
991388,991388
991389,991389
991390,991390
991391,991391
991392,991392
991393,991393
991394,991394
991395,991395
991396,991396
991397,991397
991398,991398
991399,991399
991400,991400
991401,991401
991402,991402
991403,991403
991404,991404
991405,991405
991406,991406
991407,991407
991408,991408
991409,991409
991410,991410
991411,991411
991412,991412
991413,991413
991414,991414
991415,991415
991416,991416
991417,991417
991418,991418
991419,991419
991420,991420
991421,991421
991422,991422
991423,991423
991424,991424
991425,991425
991426,991426
991427,991427
991428,991428
991429,991429
991430,991430
991431,991431
991432,991432
991433,991433
991434,991434
991435,991435
991436,991436
991437,991437
991438,991438
991439,991439
991440,991440
991441,991441
991442,991442
991443,991443
991444,991444
991445,991445
991446,991446
991447,991447
991448,991448
991449,991449
991450,991450
991451,991451
991452,991452
991453,991453
991454,991454
991455,991455
991456,991456
991457,991457
991458,991458
991459,991459
991460,991460
991461,991461
991462,991462
991463,991463
991464,991464
991465,991465
991466,991466
991467,991467
991468,991468
991469,991469
991470,991470
991471,991471
991472,991472
991473,991473
991474,991474
991475,991475
991476,991476
991477,991477
991478,991478
991479,991479
991480,991480
991481,991481
991482,991482
991483,991483
991484,991484
991485,991485
991486,991486
991487,991487
991488,991488
991489,991489
991490,991490
991491,991491
991492,991492
991493,991493
991494,991494
991495,991495
991496,991496
991497,991497
991498,991498
991499,991499
991500,991500
991501,991501
991502,991502
991503,991503
991504,991504
991505,991505
991506,991506
991507,991507
991508,991508
991509,991509
991510,991510
991511,991511
991512,991512
991513,991513
991514,991514
991515,991515
991516,991516
991517,991517
991518,991518
991519,991519
991520,991520
991521,991521
991522,991522
991523,991523
991524,991524
991525,991525
991526,991526
991527,991527
991528,991528
991529,991529
991530,991530
991531,991531
991532,991532
991533,991533
991534,991534
991535,991535
991536,991536
991537,991537
991538,991538
991539,991539
991540,991540
991541,991541
991542,991542
991543,991543
991544,991544
991545,991545
991546,991546
991547,991547
991548,991548
991549,991549
991550,991550
991551,991551
991552,991552
991553,991553
991554,991554
991555,991555
991556,991556
991557,991557
991558,991558
991559,991559
991560,991560
991561,991561
991562,991562
991563,991563
991564,991564
991565,991565
991566,991566
991567,991567
991568,991568
991569,991569
991570,991570
991571,991571
991572,991572
991573,991573
991574,991574
991575,991575
991576,991576
991577,991577
991578,991578
991579,991579
991580,991580
991581,991581
991582,991582
991583,991583
991584,991584
991585,991585
991586,991586
991587,991587
991588,991588
991589,991589
991590,991590
991591,991591
991592,991592
991593,991593
991594,991594
991595,991595
991596,991596
991597,991597
991598,991598
991599,991599
991600,991600
991601,991601
991602,991602
991603,991603
991604,991604
991605,991605
991606,991606
991607,991607
991608,991608
991609,991609
991610,991610
991611,991611
991612,991612
991613,991613
991614,991614
991615,991615
991616,991616
991617,991617
991618,991618
991619,991619
991620,991620
991621,991621
991622,991622
991623,991623
991624,991624
991625,991625
991626,991626
991627,991627
991628,991628
991629,991629
991630,991630
991631,991631
991632,991632
991633,991633
991634,991634
991635,991635
991636,991636
991637,991637
991638,991638
991639,991639
991640,991640
991641,991641
991642,991642
991643,991643
991644,991644
991645,991645
991646,991646
991647,991647
991648,991648
991649,991649
991650,991650
991651,991651
991652,991652
991653,991653
991654,991654
991655,991655
991656,991656
991657,991657
991658,991658
991659,991659
991660,991660
991661,991661
991662,991662
991663,991663
991664,991664
991665,991665
991666,991666
991667,991667
991668,991668
991669,991669
991670,991670
991671,991671
991672,991672
991673,991673
991674,991674
991675,991675
991676,991676
991677,991677
991678,991678
991679,991679
991680,991680
991681,991681
991682,991682
991683,991683
991684,991684
991685,991685
991686,991686
991687,991687
991688,991688
991689,991689
991690,991690
991691,991691
991692,991692
991693,991693
991694,991694
991695,991695
991696,991696
991697,991697
991698,991698
991699,991699
991700,991700
991701,991701
991702,991702
991703,991703
991704,991704
991705,991705
991706,991706
991707,991707
991708,991708
991709,991709
991710,991710
991711,991711
991712,991712
991713,991713
991714,991714
991715,991715
991716,991716
991717,991717
991718,991718
991719,991719
991720,991720
991721,991721
991722,991722
991723,991723
991724,991724
991725,991725
991726,991726
991727,991727
991728,991728
991729,991729
991730,991730
991731,991731
991732,991732
991733,991733
991734,991734
991735,991735
991736,991736
991737,991737
991738,991738
991739,991739
991740,991740
991741,991741
991742,991742
991743,991743
991744,991744
991745,991745
991746,991746
991747,991747
991748,991748
991749,991749
991750,991750
991751,991751
991752,991752
991753,991753
991754,991754
991755,991755
991756,991756
991757,991757
991758,991758
991759,991759
991760,991760
991761,991761
991762,991762
991763,991763
991764,991764
991765,991765
991766,991766
991767,991767
991768,991768
991769,991769
991770,991770
991771,991771
991772,991772
991773,991773
991774,991774
991775,991775
991776,991776
991777,991777
991778,991778
991779,991779
991780,991780
991781,991781
991782,991782
991783,991783
991784,991784
991785,991785
991786,991786
991787,991787
991788,991788
991789,991789
991790,991790
991791,991791
991792,991792
991793,991793
991794,991794
991795,991795
991796,991796
991797,991797
991798,991798
991799,991799
991800,991800
991801,991801
991802,991802
991803,991803
991804,991804
991805,991805
991806,991806
991807,991807
991808,991808
991809,991809
991810,991810
991811,991811
991812,991812
991813,991813
991814,991814
991815,991815
991816,991816
991817,991817
991818,991818
991819,991819
991820,991820
991821,991821
991822,991822
991823,991823
991824,991824
991825,991825
991826,991826
991827,991827
991828,991828
991829,991829
991830,991830
991831,991831
991832,991832
991833,991833
991834,991834
991835,991835
991836,991836
991837,991837
991838,991838
991839,991839
991840,991840
991841,991841
991842,991842
991843,991843
991844,991844
991845,991845
991846,991846
991847,991847
991848,991848
991849,991849
991850,991850
991851,991851
991852,991852
991853,991853
991854,991854
991855,991855
991856,991856
991857,991857
991858,991858
991859,991859
991860,991860
991861,991861
991862,991862
991863,991863
991864,991864
991865,991865
991866,991866
991867,991867
991868,991868
991869,991869
991870,991870
991871,991871
991872,991872
991873,991873
991874,991874
991875,991875
991876,991876
991877,991877
991878,991878
991879,991879
991880,991880
991881,991881
991882,991882
991883,991883
991884,991884
991885,991885
991886,991886
991887,991887
991888,991888
991889,991889
991890,991890
991891,991891
991892,991892
991893,991893
991894,991894
991895,991895
991896,991896
991897,991897
991898,991898
991899,991899
991900,991900
991901,991901
991902,991902
991903,991903
991904,991904
991905,991905
991906,991906
991907,991907
991908,991908
991909,991909
991910,991910
991911,991911
991912,991912
991913,991913
991914,991914
991915,991915
991916,991916
991917,991917
991918,991918
991919,991919
991920,991920
991921,991921
991922,991922
991923,991923
991924,991924
991925,991925
991926,991926
991927,991927
991928,991928
991929,991929
991930,991930
991931,991931
991932,991932
991933,991933
991934,991934
991935,991935
991936,991936
991937,991937
991938,991938
991939,991939
991940,991940
991941,991941
991942,991942
991943,991943
991944,991944
991945,991945
991946,991946
991947,991947
991948,991948
991949,991949
991950,991950
991951,991951
991952,991952
991953,991953
991954,991954
991955,991955
991956,991956
991957,991957
991958,991958
991959,991959
991960,991960
991961,991961
991962,991962
991963,991963
991964,991964
991965,991965
991966,991966
991967,991967
991968,991968
991969,991969
991970,991970
991971,991971
991972,991972
991973,991973
991974,991974
991975,991975
991976,991976
991977,991977
991978,991978
991979,991979
991980,991980
991981,991981
991982,991982
991983,991983
991984,991984
991985,991985
991986,991986
991987,991987
991988,991988
991989,991989
991990,991990
991991,991991
991992,991992
991993,991993
991994,991994
991995,991995
991996,991996
991997,991997
991998,991998
991999,991999
992000,992000
992001,992001
992002,992002
992003,992003
992004,992004
992005,992005
992006,992006
992007,992007
992008,992008
992009,992009
992010,992010
992011,992011
992012,992012
992013,992013
992014,992014
992015,992015
992016,992016
992017,992017
992018,992018
992019,992019
992020,992020
992021,992021
992022,992022
992023,992023
992024,992024
992025,992025
992026,992026
992027,992027
992028,992028
992029,992029
992030,992030
992031,992031
992032,992032
992033,992033
992034,992034
992035,992035
992036,992036
992037,992037
992038,992038
992039,992039
992040,992040
992041,992041
992042,992042
992043,992043
992044,992044
992045,992045
992046,992046
992047,992047
992048,992048
992049,992049
992050,992050
992051,992051
992052,992052
992053,992053
992054,992054
992055,992055
992056,992056
992057,992057
992058,992058
992059,992059
992060,992060
992061,992061
992062,992062
992063,992063
992064,992064
992065,992065
992066,992066
992067,992067
992068,992068
992069,992069
992070,992070
992071,992071
992072,992072
992073,992073
992074,992074
992075,992075
992076,992076
992077,992077
992078,992078
992079,992079
992080,992080
992081,992081
992082,992082
992083,992083
992084,992084
992085,992085
992086,992086
992087,992087
992088,992088
992089,992089
992090,992090
992091,992091
992092,992092
992093,992093
992094,992094
992095,992095
992096,992096
992097,992097
992098,992098
992099,992099
992100,992100
992101,992101
992102,992102
992103,992103
992104,992104
992105,992105
992106,992106
992107,992107
992108,992108
992109,992109
992110,992110
992111,992111
992112,992112
992113,992113
992114,992114
992115,992115
992116,992116
992117,992117
992118,992118
992119,992119
992120,992120
992121,992121
992122,992122
992123,992123
992124,992124
992125,992125
992126,992126
992127,992127
992128,992128
992129,992129
992130,992130
992131,992131
992132,992132
992133,992133
992134,992134
992135,992135
992136,992136
992137,992137
992138,992138
992139,992139
992140,992140
992141,992141
992142,992142
992143,992143
992144,992144
992145,992145
992146,992146
992147,992147
992148,992148
992149,992149
992150,992150
992151,992151
992152,992152
992153,992153
992154,992154
992155,992155
992156,992156
992157,992157
992158,992158
992159,992159
992160,992160
992161,992161
992162,992162
992163,992163
992164,992164
992165,992165
992166,992166
992167,992167
992168,992168
992169,992169
992170,992170
992171,992171
992172,992172
992173,992173
992174,992174
992175,992175
992176,992176
992177,992177
992178,992178
992179,992179
992180,992180
992181,992181
992182,992182
992183,992183
992184,992184
992185,992185
992186,992186
992187,992187
992188,992188
992189,992189
992190,992190
992191,992191
992192,992192
992193,992193
992194,992194
992195,992195
992196,992196
992197,992197
992198,992198
992199,992199
992200,992200
992201,992201
992202,992202
992203,992203
992204,992204
992205,992205
992206,992206
992207,992207
992208,992208
992209,992209
992210,992210
992211,992211
992212,992212
992213,992213
992214,992214
992215,992215
992216,992216
992217,992217
992218,992218
992219,992219
992220,992220
992221,992221
992222,992222
992223,992223
992224,992224
992225,992225
992226,992226
992227,992227
992228,992228
992229,992229
992230,992230
992231,992231
992232,992232
992233,992233
992234,992234
992235,992235
992236,992236
992237,992237
992238,992238
992239,992239
992240,992240
992241,992241
992242,992242
992243,992243
992244,992244
992245,992245
992246,992246
992247,992247
992248,992248
992249,992249
992250,992250
992251,992251
992252,992252
992253,992253
992254,992254
992255,992255
992256,992256
992257,992257
992258,992258
992259,992259
992260,992260
992261,992261
992262,992262
992263,992263
992264,992264
992265,992265
992266,992266
992267,992267
992268,992268
992269,992269
992270,992270
992271,992271
992272,992272
992273,992273
992274,992274
992275,992275
992276,992276
992277,992277
992278,992278
992279,992279
992280,992280
992281,992281
992282,992282
992283,992283
992284,992284
992285,992285
992286,992286
992287,992287
992288,992288
992289,992289
992290,992290
992291,992291
992292,992292
992293,992293
992294,992294
992295,992295
992296,992296
992297,992297
992298,992298
992299,992299
992300,992300
992301,992301
992302,992302
992303,992303
992304,992304
992305,992305
992306,992306
992307,992307
992308,992308
992309,992309
992310,992310
992311,992311
992312,992312
992313,992313
992314,992314
992315,992315
992316,992316
992317,992317
992318,992318
992319,992319
992320,992320
992321,992321
992322,992322
992323,992323
992324,992324
992325,992325
992326,992326
992327,992327
992328,992328
992329,992329
992330,992330
992331,992331
992332,992332
992333,992333
992334,992334
992335,992335
992336,992336
992337,992337
992338,992338
992339,992339
992340,992340
992341,992341
992342,992342
992343,992343
992344,992344
992345,992345
992346,992346
992347,992347
992348,992348
992349,992349
992350,992350
992351,992351
992352,992352
992353,992353
992354,992354
992355,992355
992356,992356
992357,992357
992358,992358
992359,992359
992360,992360
992361,992361
992362,992362
992363,992363
992364,992364
992365,992365
992366,992366
992367,992367
992368,992368
992369,992369
992370,992370
992371,992371
992372,992372
992373,992373
992374,992374
992375,992375
992376,992376
992377,992377
992378,992378
992379,992379
992380,992380
992381,992381
992382,992382
992383,992383
992384,992384
992385,992385
992386,992386
992387,992387
992388,992388
992389,992389
992390,992390
992391,992391
992392,992392
992393,992393
992394,992394
992395,992395
992396,992396
992397,992397
992398,992398
992399,992399
992400,992400
992401,992401
992402,992402
992403,992403
992404,992404
992405,992405
992406,992406
992407,992407
992408,992408
992409,992409
992410,992410
992411,992411
992412,992412
992413,992413
992414,992414
992415,992415
992416,992416
992417,992417
992418,992418
992419,992419
992420,992420
992421,992421
992422,992422
992423,992423
992424,992424
992425,992425
992426,992426
992427,992427
992428,992428
992429,992429
992430,992430
992431,992431
992432,992432
992433,992433
992434,992434
992435,992435
992436,992436
992437,992437
992438,992438
992439,992439
992440,992440
992441,992441
992442,992442
992443,992443
992444,992444
992445,992445
992446,992446
992447,992447
992448,992448
992449,992449
992450,992450
992451,992451
992452,992452
992453,992453
992454,992454
992455,992455
992456,992456
992457,992457
992458,992458
992459,992459
992460,992460
992461,992461
992462,992462
992463,992463
992464,992464
992465,992465
992466,992466
992467,992467
992468,992468
992469,992469
992470,992470
992471,992471
992472,992472
992473,992473
992474,992474
992475,992475
992476,992476
992477,992477
992478,992478
992479,992479
992480,992480
992481,992481
992482,992482
992483,992483
992484,992484
992485,992485
992486,992486
992487,992487
992488,992488
992489,992489
992490,992490
992491,992491
992492,992492
992493,992493
992494,992494
992495,992495
992496,992496
992497,992497
992498,992498
992499,992499
992500,992500
992501,992501
992502,992502
992503,992503
992504,992504
992505,992505
992506,992506
992507,992507
992508,992508
992509,992509
992510,992510
992511,992511
992512,992512
992513,992513
992514,992514
992515,992515
992516,992516
992517,992517
992518,992518
992519,992519
992520,992520
992521,992521
992522,992522
992523,992523
992524,992524
992525,992525
992526,992526
992527,992527
992528,992528
992529,992529
992530,992530
992531,992531
992532,992532
992533,992533
992534,992534
992535,992535
992536,992536
992537,992537
992538,992538
992539,992539
992540,992540
992541,992541
992542,992542
992543,992543
992544,992544
992545,992545
992546,992546
992547,992547
992548,992548
992549,992549
992550,992550
992551,992551
992552,992552
992553,992553
992554,992554
992555,992555
992556,992556
992557,992557
992558,992558
992559,992559
992560,992560
992561,992561
992562,992562
992563,992563
992564,992564
992565,992565
992566,992566
992567,992567
992568,992568
992569,992569
992570,992570
992571,992571
992572,992572
992573,992573
992574,992574
992575,992575
992576,992576
992577,992577
992578,992578
992579,992579
992580,992580
992581,992581
992582,992582
992583,992583
992584,992584
992585,992585
992586,992586
992587,992587
992588,992588
992589,992589
992590,992590
992591,992591
992592,992592
992593,992593
992594,992594
992595,992595
992596,992596
992597,992597
992598,992598
992599,992599
992600,992600
992601,992601
992602,992602
992603,992603
992604,992604
992605,992605
992606,992606
992607,992607
992608,992608
992609,992609
992610,992610
992611,992611
992612,992612
992613,992613
992614,992614
992615,992615
992616,992616
992617,992617
992618,992618
992619,992619
992620,992620
992621,992621
992622,992622
992623,992623
992624,992624
992625,992625
992626,992626
992627,992627
992628,992628
992629,992629
992630,992630
992631,992631
992632,992632
992633,992633
992634,992634
992635,992635
992636,992636
992637,992637
992638,992638
992639,992639
992640,992640
992641,992641
992642,992642
992643,992643
992644,992644
992645,992645
992646,992646
992647,992647
992648,992648
992649,992649
992650,992650
992651,992651
992652,992652
992653,992653
992654,992654
992655,992655
992656,992656
992657,992657
992658,992658
992659,992659
992660,992660
992661,992661
992662,992662
992663,992663
992664,992664
992665,992665
992666,992666
992667,992667
992668,992668
992669,992669
992670,992670
992671,992671
992672,992672
992673,992673
992674,992674
992675,992675
992676,992676
992677,992677
992678,992678
992679,992679
992680,992680
992681,992681
992682,992682
992683,992683
992684,992684
992685,992685
992686,992686
992687,992687
992688,992688
992689,992689
992690,992690
992691,992691
992692,992692
992693,992693
992694,992694
992695,992695
992696,992696
992697,992697
992698,992698
992699,992699
992700,992700
992701,992701
992702,992702
992703,992703
992704,992704
992705,992705
992706,992706
992707,992707
992708,992708
992709,992709
992710,992710
992711,992711
992712,992712
992713,992713
992714,992714
992715,992715
992716,992716
992717,992717
992718,992718
992719,992719
992720,992720
992721,992721
992722,992722
992723,992723
992724,992724
992725,992725
992726,992726
992727,992727
992728,992728
992729,992729
992730,992730
992731,992731
992732,992732
992733,992733
992734,992734
992735,992735
992736,992736
992737,992737
992738,992738
992739,992739
992740,992740
992741,992741
992742,992742
992743,992743
992744,992744
992745,992745
992746,992746
992747,992747
992748,992748
992749,992749
992750,992750
992751,992751
992752,992752
992753,992753
992754,992754
992755,992755
992756,992756
992757,992757
992758,992758
992759,992759
992760,992760
992761,992761
992762,992762
992763,992763
992764,992764
992765,992765
992766,992766
992767,992767
992768,992768
992769,992769
992770,992770
992771,992771
992772,992772
992773,992773
992774,992774
992775,992775
992776,992776
992777,992777
992778,992778
992779,992779
992780,992780
992781,992781
992782,992782
992783,992783
992784,992784
992785,992785
992786,992786
992787,992787
992788,992788
992789,992789
992790,992790
992791,992791
992792,992792
992793,992793
992794,992794
992795,992795
992796,992796
992797,992797
992798,992798
992800,992800
992801,992801
992802,992802
992803,992803
992804,992804
992805,992805
992806,992806
992807,992807
992808,992808
992809,992809
992810,992810
992811,992811
992812,992812
992813,992813
992814,992814
992815,992815
992816,992816
992817,992817
992818,992818
992819,992819
992820,992820
992821,992821
992822,992822
992823,992823
992824,992824
992825,992825
992826,992826
992827,992827
992828,992828
992829,992829
992830,992830
992831,992831
992832,992832
992833,992833
992834,992834
992835,992835
992836,992836
992837,992837
992838,992838
992839,992839
992840,992840
992841,992841
992842,992842
992843,992843
992844,992844
992845,992845
992846,992846
992847,992847
992848,992848
992849,992849
992850,992850
992851,992851
992852,992852
992853,992853
992854,992854
992855,992855
992856,992856
992857,992857
992858,992858
992859,992859
992860,992860
992861,992861
992862,992862
992863,992863
992864,992864
992865,992865
992866,992866
992867,992867
992868,992868
992869,992869
992870,992870
992871,992871
992872,992872
992873,992873
992874,992874
992875,992875
992876,992876
992877,992877
992878,992878
992879,992879
992880,992880
992881,992881
992882,992882
992883,992883
992884,992884
992885,992885
992886,992886
992887,992887
992888,992888
992889,992889
992890,992890
992891,992891
992892,992892
992893,992893
992894,992894
992895,992895
992896,992896
992897,992897
992898,992898
992899,992899
992900,992900
992901,992901
992902,992902
992903,992903
992904,992904
992905,992905
992906,992906
992907,992907
992908,992908
992909,992909
992910,992910
992911,992911
992912,992912
992913,992913
992914,992914
992915,992915
992916,992916
992917,992917
992918,992918
992919,992919
992920,992920
992921,992921
992922,992922
992923,992923
992924,992924
992925,992925
992926,992926
992927,992927
992928,992928
992929,992929
992930,992930
992931,992931
992932,992932
992933,992933
992934,992934
992935,992935
992936,992936
992937,992937
992938,992938
992939,992939
992940,992940
992941,992941
992942,992942
992943,992943
992944,992944
992945,992945
992946,992946
992947,992947
992948,992948
992949,992949
992950,992950
992951,992951
992952,992952
992953,992953
992954,992954
992955,992955
992956,992956
992957,992957
992958,992958
992959,992959
992960,992960
992961,992961
992962,992962
992963,992963
992964,992964
992965,992965
992966,992966
992967,992967
992968,992968
992969,992969
992970,992970
992971,992971
992972,992972
992973,992973
992974,992974
992975,992975
992976,992976
992977,992977
992978,992978
992979,992979
992980,992980
992981,992981
992982,992982
992983,992983
992984,992984
992985,992985
992986,992986
992987,992987
992988,992988
992989,992989
992990,992990
992991,992991
992992,992992
992993,992993
992994,992994
992995,992995
992996,992996
992997,992997
992998,992998
992999,992999
993000,993000
993001,993001
993002,993002
993003,993003
993004,993004
993005,993005
993006,993006
993007,993007
993008,993008
993009,993009
993010,993010
993011,993011
993012,993012
993013,993013
993014,993014
993015,993015
993016,993016
993017,993017
993018,993018
993019,993019
993020,993020
993021,993021
993022,993022
993023,993023
993024,993024
993025,993025
993026,993026
993027,993027
993028,993028
993029,993029
993030,993030
993031,993031
993032,993032
993033,993033
993034,993034
993035,993035
993036,993036
993037,993037
993038,993038
993039,993039
993041,993041
993042,993042
